Junction,vtype,07:00,07:15,07:30,07:45,hour1,08:00,08:15,08:30,08:45,hour2,09:00,09:15,09:30,09:45,hour3,3hour1,10:00,10:15,10:30,10:45,hour4,11:00,11:15,11:30,11:45,hour5,12:00,12:15,12:30,12:45,hour6,3hour2,13:00,13:15,13:30,13:45,hour7,14:00,14:15,14:30,14:45,hour8,15:00,15:15,15:30,15:45,hour9,3hour3,16:00,16:15,16:30,16:45,hour10,17:00,17:15,17:30,17:45,hour11,18:00,18:15,18:30,18:45,hour12,3hour4,Total,Date
49AE,car,2,3,4,3,12,8,4,4,8,24,6,2,2,1,11,47,6,5,4,6,21,6,6,5,8,25,3,8,8,11,30,76,8,10,5,5,28,6,4,4,3,17,2,3,5,6,16,61,7,10,5,14,36,8,7,13,12,40,12,13,17,10,52,128,312,14/05/2013
49AE,lgv,0,0,1,3,4,2,1,0,2,5,0,2,2,0,4,13,2,0,2,4,8,4,1,2,0,7,0,3,2,1,6,21,2,1,0,0,3,2,1,1,3,7,3,2,1,1,7,17,0,1,1,0,2,0,1,0,0,1,0,0,1,0,1,4,55,14/05/2013
49AE,hgv 2x,0,1,0,0,1,0,0,0,0,0,0,0,0,0,0,1,0,0,0,0,0,1,0,0,0,1,0,0,0,0,0,1,0,0,0,0,0,0,0,0,0,0,0,0,0,0,0,0,0,0,0,0,0,0,0,0,0,0,0,0,0,0,0,0,2,14/05/2013
49AE,hgv 3x,0,0,0,0,0,0,0,0,0,0,0,0,0,0,0,0,0,0,0,0,0,0,0,0,0,0,0,0,0,0,0,0,0,0,0,0,0,0,0,0,0,0,0,0,0,0,0,0,0,0,0,0,0,0,0,0,0,0,0,0,0,0,0,0,0,14/05/2013
49AE,hgv 4x,0,0,0,0,0,0,0,0,0,0,0,0,0,0,0,0,0,0,0,0,0,0,0,0,0,0,0,0,0,0,0,0,0,0,0,0,0,0,0,0,0,0,0,0,0,0,0,0,0,0,0,0,0,0,0,0,0,0,0,0,0,0,0,0,0,14/05/2013
49AE,hgv 5x,0,0,0,0,0,0,0,0,0,0,0,0,0,0,0,0,0,0,0,0,0,0,0,0,0,0,0,0,0,0,0,0,0,0,0,0,0,0,0,0,0,0,0,0,0,0,0,0,0,0,0,0,0,0,0,0,0,0,0,0,0,0,0,0,0,14/05/2013
49AE,dbus,0,0,0,0,0,0,0,0,0,0,0,0,0,0,0,0,0,0,0,0,0,0,0,0,0,0,0,0,0,0,0,0,0,0,0,0,0,0,0,0,0,0,0,0,0,0,0,0,0,0,0,0,0,0,0,0,0,0,0,0,0,0,0,0,0,14/05/2013
49AE,obus,0,0,0,0,0,0,0,0,0,0,0,0,0,0,0,0,0,0,0,0,0,0,0,0,0,0,0,0,0,0,0,0,1,0,0,0,1,0,0,0,0,0,0,0,0,0,0,1,0,0,0,0,0,0,0,0,0,0,0,0,0,0,0,0,1,14/05/2013
49AE,taxi,0,0,1,0,1,0,1,2,3,6,5,6,4,3,18,25,6,3,1,1,11,0,4,1,3,8,2,2,4,3,11,30,5,2,1,0,8,2,1,4,2,9,3,1,2,1,7,24,3,3,1,4,11,2,2,1,1,6,1,6,1,3,11,28,107,14/05/2013
49AE,mc,0,0,0,0,0,0,0,0,0,0,0,0,0,0,0,0,0,0,0,0,0,0,0,0,0,0,0,0,0,0,0,0,0,0,0,0,0,0,0,0,0,0,0,0,0,1,1,1,0,1,0,1,2,0,0,0,0,0,0,0,0,0,0,2,3,14/05/2013
49AE,pc,0,0,0,0,0,0,0,0,0,0,0,0,0,0,0,0,0,0,0,0,0,2,0,0,0,2,0,2,0,3,5,7,0,0,1,0,1,0,0,0,0,0,0,0,0,0,0,1,0,0,2,2,4,1,3,0,2,6,1,1,0,3,5,15,23,14/05/2013
49AE,vtotal,2,4,6,6,18,10,6,6,13,35,11,10,8,4,33,86,14,8,7,11,40,13,11,8,11,43,5,15,14,18,52,135,16,13,7,5,41,10,6,9,8,33,8,6,8,9,31,105,10,15,9,21,55,11,13,14,15,53,14,20,19,16,69,177,503,14/05/2013
49AE,ptotal,2,5.3,6,6,19.3,10,6,6,13,35,11,10,8,4,33,87.3,14,8,7,11,40,12.7,11,8,11,42.7,5,13.4,14,15.6,48,130.7,17,13,6.2,5,41.2,10,6,9,8,33,8,6,8,8.4,30.4,104.6,10,14.4,7.4,18.8,50.6,10.2,10.6,14,13.4,48.2,13.2,19.2,19,13.6,65,163.8,486.4,14/05/2013
49AD,car,0,0,3,1,4,1,8,1,3,13,1,0,2,3,6,23,2,0,3,1,6,5,6,3,5,19,4,5,2,3,14,39,4,3,1,5,13,2,2,0,1,5,4,1,0,2,7,25,3,7,7,5,22,2,2,1,2,7,6,2,3,5,16,45,132,14/05/2013
49AD,lgv,0,1,1,0,2,0,2,0,1,3,0,0,1,0,1,6,1,1,1,0,3,0,1,0,0,1,2,1,0,0,3,7,0,1,1,0,2,2,1,0,0,3,0,0,0,0,0,5,0,1,0,2,3,0,1,0,0,1,2,0,1,0,3,7,25,14/05/2013
49AD,hgv 2x,0,0,0,0,0,0,0,0,0,0,0,0,0,0,0,0,0,0,0,0,0,0,1,0,0,1,0,1,0,1,2,3,0,0,0,1,1,0,0,0,0,0,0,0,0,0,0,1,0,0,0,0,0,0,0,0,0,0,0,0,0,0,0,0,4,14/05/2013
49AD,hgv 3x,0,0,0,0,0,0,0,0,0,0,0,0,0,0,0,0,0,0,0,0,0,0,0,0,0,0,0,0,0,0,0,0,0,0,0,0,0,0,0,0,0,0,0,0,0,0,0,0,0,0,0,0,0,0,0,0,0,0,0,0,0,0,0,0,0,14/05/2013
49AD,hgv 4x,0,0,0,0,0,0,0,0,0,0,0,0,0,0,0,0,0,0,0,0,0,0,0,0,0,0,0,0,0,0,0,0,0,0,0,0,0,0,0,0,0,0,0,0,0,0,0,0,0,0,0,0,0,0,0,0,0,0,0,0,0,0,0,0,0,14/05/2013
49AD,hgv 5x,0,0,0,0,0,0,0,0,0,0,0,0,0,0,0,0,0,0,0,0,0,0,0,0,0,0,0,0,0,0,0,0,0,0,0,0,0,0,0,0,0,0,0,0,0,0,0,0,0,0,0,0,0,0,0,0,0,0,0,0,0,0,0,0,0,14/05/2013
49AD,dbus,0,0,0,0,0,0,0,0,0,0,0,0,0,0,0,0,0,0,0,0,0,0,0,0,0,0,0,0,0,0,0,0,0,0,0,0,0,0,0,0,0,0,0,0,0,0,0,0,0,0,0,0,0,0,0,0,0,0,0,0,0,0,0,0,0,14/05/2013
49AD,obus,0,0,0,0,0,0,0,0,0,0,0,0,0,0,0,0,0,0,0,0,0,0,0,0,0,0,0,0,0,0,0,0,0,0,0,0,0,0,0,0,0,0,0,0,0,0,0,0,0,0,0,0,0,0,0,0,0,0,0,0,0,0,0,0,0,14/05/2013
49AD,taxi,0,0,0,1,1,0,0,0,0,0,0,0,1,1,2,3,0,0,1,0,1,0,1,0,0,1,0,0,0,0,0,2,0,0,0,2,2,0,0,0,0,0,0,0,0,0,0,2,1,0,0,0,1,2,0,0,0,2,1,1,1,0,3,6,13,14/05/2013
49AD,mc,0,0,0,0,0,0,0,0,0,0,0,0,0,0,0,0,0,0,0,0,0,0,0,0,0,0,0,0,0,0,0,0,0,0,0,0,0,0,0,1,0,1,0,0,0,0,0,1,0,0,1,0,1,0,0,0,0,0,0,0,0,0,0,1,2,14/05/2013
49AD,pc,0,0,0,1,1,0,0,0,0,0,0,0,0,1,1,2,1,0,0,0,1,1,0,0,1,2,0,1,0,0,1,4,0,0,0,0,0,0,1,0,1,2,2,1,0,3,6,8,1,0,3,1,5,1,1,9,5,16,4,6,6,5,21,42,56,14/05/2013
49AD,vtotal,0,1,4,3,8,1,10,1,4,16,1,0,4,5,10,34,4,1,5,1,11,6,9,3,6,24,6,8,2,4,20,55,4,4,2,8,18,4,4,1,2,11,6,2,0,5,13,42,5,8,11,8,32,5,4,10,7,26,13,9,11,10,43,101,232,14/05/2013
49AD,ptotal,0,1,4,2.2,7.2,1,10,1,4,16,1,0,4,4.2,9.2,32.4,3.2,1,5,1,10.2,5.2,10.3,3,5.2,23.7,6,8.5,2,5.3,21.8,55.7,4,4,2,9.3,19.3,4,3.2,0.4,1.2,8.8,4.4,1.2,0,2.6,8.2,36.3,4.2,8,8,7.2,27.4,4.2,3.2,2.8,3,13.2,9.8,4.2,6.2,6,26.2,66.8,191.2,14/05/2013
49AC,car,80,107,93,102,382,98,83,68,99,348,71,69,51,72,263,993,65,55,53,53,226,60,58,65,60,243,64,52,77,73,266,735,66,67,58,55,246,67,68,84,63,282,72,51,57,73,253,781,86,92,96,78,352,89,96,103,97,385,91,93,86,82,352,1089,3598,14/05/2013
49AC,lgv,7,4,12,14,37,13,11,8,10,42,5,10,3,8,26,105,11,7,10,9,37,11,12,9,11,43,13,9,7,6,35,115,3,11,9,6,29,5,10,5,15,35,11,1,10,8,30,94,10,4,4,9,27,5,4,2,2,13,2,4,0,3,9,49,363,14/05/2013
49AC,hgv 2x,2,2,1,0,5,0,1,3,0,4,1,0,0,1,2,11,2,1,4,2,9,2,0,2,1,5,0,2,1,1,4,18,1,0,0,0,1,1,2,2,3,8,3,1,2,0,6,15,1,0,0,0,1,0,1,0,0,1,2,0,0,0,2,4,48,14/05/2013
49AC,hgv 3x,0,0,0,0,0,0,1,1,0,2,0,0,0,0,0,2,0,0,0,0,0,0,1,0,0,1,0,0,0,0,0,1,0,0,0,0,0,0,1,0,0,1,0,0,0,0,0,1,0,0,0,0,0,0,0,0,0,0,0,0,0,1,1,1,5,14/05/2013
49AC,hgv 4x,0,0,1,0,1,0,0,0,0,0,0,0,0,0,0,1,0,0,0,0,0,0,0,0,0,0,0,0,0,0,0,0,0,0,0,0,0,0,0,0,0,0,1,0,0,0,1,1,0,0,0,0,0,0,0,0,0,0,0,0,0,0,0,0,2,14/05/2013
49AC,hgv 5x,0,0,0,0,0,0,0,0,0,0,0,0,0,0,0,0,0,0,0,0,0,0,0,0,0,0,0,0,0,0,0,0,0,0,0,0,0,0,0,0,0,0,0,0,0,0,0,0,0,0,0,0,0,0,0,0,0,0,0,0,0,0,0,0,0,14/05/2013
49AC,dbus,0,0,0,0,0,0,0,1,0,1,0,0,0,0,0,1,0,0,0,0,0,0,0,0,0,0,0,0,0,0,0,0,0,0,0,0,0,0,0,0,0,0,0,0,0,0,0,0,0,0,0,0,0,0,0,0,0,0,0,0,0,0,0,0,1,14/05/2013
49AC,obus,0,1,1,0,2,0,0,2,0,2,0,0,0,1,1,5,0,0,0,0,0,0,0,1,0,1,0,0,0,0,0,1,0,0,0,0,0,0,0,0,0,0,0,0,0,0,0,0,0,0,0,0,0,1,0,0,0,1,2,1,0,0,3,4,10,14/05/2013
49AC,taxi,6,12,9,9,36,15,16,15,15,61,14,25,20,25,84,181,22,15,24,23,84,19,8,18,15,60,18,14,19,12,63,207,16,12,14,8,50,12,9,15,15,51,12,10,9,14,45,146,14,16,10,10,50,15,17,8,12,52,13,7,16,17,53,155,689,14/05/2013
49AC,mc,2,0,1,1,4,2,3,2,5,12,3,5,3,1,12,28,1,1,0,3,5,0,0,1,0,1,2,1,1,2,6,12,1,3,0,0,4,1,1,2,1,5,2,0,0,1,3,12,2,0,2,1,5,1,0,1,1,3,3,7,5,2,17,25,77,14/05/2013
49AC,pc,5,2,16,14,37,19,13,19,23,74,13,11,3,7,34,145,2,0,3,3,8,2,1,3,5,11,0,1,0,4,5,24,4,2,3,4,13,3,1,3,3,10,4,4,7,2,17,40,2,8,4,7,21,13,15,25,25,78,15,27,20,17,79,178,387,14/05/2013
49AC,vtotal,102,128,134,140,504,147,128,119,152,546,107,120,80,115,422,1472,103,79,94,93,369,94,80,99,92,365,97,79,105,98,379,1113,91,95,84,73,343,89,92,111,100,392,105,67,85,98,355,1090,115,120,116,105,456,124,133,139,137,533,128,139,127,122,516,1505,5180,14/05/2013
49AC,ptotal,99.4,130,124.2,128.2,481.8,130.6,118.4,110.8,130.6,490.4,96.1,108.2,75.8,111.1,391.2,1363.4,103.4,79.7,96.8,91.4,371.3,95,80.5,99.6,89.3,364.4,95.8,80.2,105.7,94.9,376.6,1112.3,88.5,91.6,81.6,69.8,331.5,87.3,94.5,110,100.9,392.7,105.8,65.1,82,95.8,348.7,1072.9,113.5,113.6,111.6,98.8,437.5,114,122.3,118.4,116.4,471.1,118.8,114.2,108,108.5,449.5,1358.1,4906.7,14/05/2013
49AB,car,1,8,17,14,40,16,17,12,10,55,18,13,10,14,55,150,7,15,17,9,48,10,7,11,5,33,13,10,14,22,59,140,16,16,10,15,57,10,13,10,15,48,11,7,10,14,42,147,15,17,14,14,60,19,23,17,18,77,26,20,23,24,93,230,667,14/05/2013
49AB,lgv,2,4,1,1,8,1,1,1,0,3,2,4,5,3,14,25,2,3,2,2,9,2,2,1,8,13,2,2,5,1,10,32,1,5,3,0,9,3,3,1,6,13,3,1,3,2,9,31,4,4,4,2,14,1,4,2,0,7,1,0,0,1,2,23,111,14/05/2013
49AB,hgv 2x,2,0,0,0,2,2,0,1,2,5,0,2,0,0,2,9,1,1,1,2,5,1,2,0,1,4,2,1,0,1,4,13,0,0,1,0,1,2,1,0,0,3,0,0,1,0,1,5,0,1,0,0,1,0,0,0,0,0,0,0,0,0,0,1,28,14/05/2013
49AB,hgv 3x,0,0,0,0,0,0,0,1,0,1,1,0,0,0,1,2,0,0,0,0,0,1,0,0,0,1,0,0,0,0,0,1,0,0,0,0,0,0,0,0,0,0,0,0,0,0,0,0,0,1,0,0,1,0,0,0,0,0,0,0,0,0,0,1,4,14/05/2013
49AB,hgv 4x,0,0,0,0,0,0,0,0,0,0,0,0,0,1,1,1,0,0,0,0,0,0,0,0,0,0,0,0,0,0,0,0,1,0,0,0,1,0,0,0,0,0,0,1,0,0,1,2,0,0,0,0,0,0,0,0,0,0,0,0,0,0,0,0,3,14/05/2013
49AB,hgv 5x,0,0,0,0,0,0,0,0,0,0,0,0,0,0,0,0,0,0,0,0,0,0,0,0,0,0,0,0,0,0,0,0,0,0,0,0,0,0,0,0,0,0,0,0,0,0,0,0,0,0,0,0,0,0,0,0,0,0,0,0,0,0,0,0,0,14/05/2013
49AB,dbus,0,0,0,0,0,0,0,0,0,0,0,0,0,0,0,0,0,0,0,0,0,0,0,0,0,0,0,0,0,0,0,0,0,0,0,0,0,0,0,0,0,0,0,0,0,0,0,0,0,0,0,0,0,0,0,0,0,0,0,0,0,0,0,0,0,14/05/2013
49AB,obus,0,0,0,0,0,0,0,0,0,0,0,1,0,0,1,1,0,0,0,0,0,0,0,0,0,0,0,0,0,0,0,0,0,0,0,0,0,0,0,0,0,0,0,0,0,0,0,0,0,0,2,0,2,0,0,0,1,1,0,1,0,0,1,4,5,14/05/2013
49AB,taxi,2,2,1,4,9,4,1,3,5,13,6,4,3,5,18,40,6,1,0,6,13,1,3,1,4,9,5,3,1,2,11,33,2,2,4,3,11,3,0,6,4,13,2,5,0,4,11,35,3,4,3,2,12,3,2,2,3,10,4,2,2,3,11,33,141,14/05/2013
49AB,mc,0,0,2,0,2,0,0,0,0,0,0,0,0,0,0,2,0,0,0,0,0,0,0,0,0,0,0,0,1,0,1,1,0,0,0,0,0,0,1,1,0,2,0,0,0,1,1,3,0,0,1,1,2,5,3,1,1,10,4,3,0,1,8,20,26,14/05/2013
49AB,pc,0,0,0,1,1,0,0,1,2,3,0,0,0,0,0,4,0,2,0,0,2,0,0,0,0,0,0,0,0,0,0,2,0,1,0,1,2,0,0,0,1,1,1,1,0,1,3,6,1,0,0,0,1,1,4,4,2,11,7,3,1,2,13,25,37,14/05/2013
49AB,vtotal,7,14,21,20,62,23,19,19,19,80,27,24,18,23,92,234,16,22,20,19,77,15,14,13,18,60,22,16,21,26,85,222,20,24,18,19,81,18,18,18,26,80,17,15,14,22,68,229,23,27,24,19,93,29,36,26,25,116,42,29,26,31,128,337,1022,14/05/2013
49AB,ptotal,9.6,14,19.8,19.2,62.6,25.6,19,20.8,20,85.4,28.3,27.6,18,24.3,98.2,246.2,17.3,21.7,21.3,21.6,81.9,17.6,16.6,13,19.3,66.5,24.6,17.3,20.4,27.3,89.6,238,21.3,23.2,19.3,18.2,82,20.6,18.7,17.4,25.2,81.9,16.2,15.5,15.3,20.6,67.6,231.5,22.2,29.6,25.4,18.4,95.6,25.2,31,22.2,23.8,102.2,34,25.8,25.2,28.8,113.8,311.6,1027.3,14/05/2013
49BA,car,15,15,29,23,82,20,23,16,21,80,21,22,24,13,80,242,14,10,14,5,43,12,8,12,17,49,17,16,10,11,54,146,6,12,5,13,36,10,18,13,8,49,10,8,14,8,40,125,13,16,20,17,66,17,7,15,11,50,16,13,24,19,72,188,701,14/05/2013
49BA,lgv,2,1,0,0,3,2,0,1,1,4,0,2,4,0,6,13,1,2,3,4,10,4,1,6,5,16,2,4,3,2,11,37,2,1,2,0,5,1,2,3,1,7,1,4,1,4,10,22,1,3,3,1,8,4,1,0,0,5,1,2,0,1,4,17,89,14/05/2013
49BA,hgv 2x,2,2,0,0,4,0,0,0,0,0,0,1,0,1,2,6,0,1,0,2,3,0,0,1,0,1,0,0,0,0,0,4,2,2,2,0,6,0,0,0,1,1,0,0,2,0,2,9,2,2,0,0,4,0,0,0,1,1,0,0,0,0,0,5,24,14/05/2013
49BA,hgv 3x,0,0,0,0,0,0,0,0,0,0,0,0,0,0,0,0,0,0,0,0,0,0,0,0,0,0,0,0,0,0,0,0,0,0,0,0,0,0,0,0,1,1,0,0,0,0,0,1,0,0,0,0,0,0,0,0,0,0,0,0,0,0,0,0,1,14/05/2013
49BA,hgv 4x,0,0,0,0,0,0,0,0,0,0,0,0,1,0,1,1,0,0,0,0,0,0,0,0,0,0,0,0,0,1,1,1,0,0,0,0,0,0,0,0,1,1,0,0,0,0,0,1,0,0,0,0,0,0,0,0,0,0,0,0,0,0,0,0,3,14/05/2013
49BA,hgv 5x,0,0,0,0,0,0,0,0,0,0,0,0,0,0,0,0,0,0,0,0,0,0,0,0,0,0,0,0,0,0,0,0,0,0,0,0,0,0,0,0,0,0,0,0,0,0,0,0,0,0,0,0,0,0,0,0,0,0,0,0,0,0,0,0,0,14/05/2013
49BA,dbus,0,0,0,0,0,0,0,0,0,0,0,0,0,0,0,0,0,0,0,0,0,0,0,0,0,0,0,0,0,0,0,0,0,0,0,0,0,0,0,0,0,0,0,0,0,0,0,0,0,0,0,0,0,0,0,0,0,0,0,0,0,0,0,0,0,14/05/2013
49BA,obus,0,1,0,0,1,2,0,0,0,2,0,0,1,1,2,5,0,0,0,0,0,0,0,0,0,0,0,0,0,1,1,1,0,0,0,0,0,0,0,0,0,0,0,0,0,0,0,0,0,0,0,0,0,0,0,0,1,1,2,0,0,1,3,4,10,14/05/2013
49BA,taxi,1,2,1,4,8,2,2,4,6,14,4,7,4,6,21,43,7,3,3,4,17,0,2,2,1,5,2,1,3,5,11,33,4,1,2,4,11,2,5,2,1,10,3,2,4,3,12,33,3,3,2,3,11,0,3,6,3,12,2,4,3,5,14,37,146,14/05/2013
49BA,mc,1,1,0,1,3,1,1,0,0,2,3,1,0,0,4,9,0,0,0,1,1,0,0,0,1,1,0,0,0,0,0,2,0,0,0,0,0,0,1,0,1,2,0,1,1,0,2,4,0,0,0,0,0,0,0,1,0,1,0,0,1,0,1,2,17,14/05/2013
49BA,pc,1,5,9,4,19,5,1,7,9,22,7,2,0,3,12,53,0,0,0,1,1,1,2,0,0,3,0,2,1,0,3,7,0,0,2,1,3,2,1,0,0,3,1,0,0,1,2,8,1,0,4,1,6,0,1,1,1,3,1,2,2,1,6,15,83,14/05/2013
49BA,vtotal,22,27,39,32,120,32,27,28,37,124,35,35,34,24,128,372,22,16,20,17,75,17,13,21,24,75,21,23,17,20,81,231,14,16,13,18,61,15,27,18,14,74,15,15,22,16,68,203,20,24,29,22,95,21,12,23,17,73,22,21,30,27,100,268,1074,14/05/2013
49BA,ptotal,23.2,26,31.8,28.2,109.2,29.4,25.6,22.4,29.8,107.2,27.6,34.1,36.3,23.9,121.9,338.3,22,17.3,20,18.2,77.5,16.2,11.4,22.3,23.4,73.3,21,21.4,16.2,22.3,80.9,231.7,16.6,18.6,14,17.2,66.4,13.4,25.6,18,17.3,74.3,14.2,14.4,24,15.2,67.8,208.5,21.8,26.6,25.8,21.2,95.4,21,11.2,21.6,18.5,72.3,23.2,19.4,27.8,27.2,97.6,265.3,1043.8,14/05/2013
49BE,car,22,27,32,40,121,42,47,34,38,161,39,29,27,29,124,406,27,24,16,28,95,15,12,17,18,62,22,18,21,33,94,251,23,27,23,31,104,28,28,43,22,121,43,18,31,30,122,347,25,19,38,35,117,39,33,43,45,160,39,53,47,35,174,451,1455,14/05/2013
49BE,lgv,5,2,7,4,18,3,3,4,2,12,0,7,5,5,17,47,4,3,3,5,15,7,4,12,7,30,5,5,3,8,21,66,4,7,2,3,16,5,3,5,6,19,7,11,7,3,28,63,1,3,0,6,10,3,2,3,1,9,2,3,3,3,11,30,206,14/05/2013
49BE,hgv 2x,0,0,0,1,1,0,0,4,0,4,0,0,1,1,2,7,0,0,0,0,0,0,1,1,1,3,1,0,0,1,2,5,0,0,0,0,0,1,1,0,1,3,1,0,0,0,1,4,0,0,0,0,0,2,0,0,1,3,0,0,0,0,0,3,19,14/05/2013
49BE,hgv 3x,0,0,0,0,0,0,0,0,0,0,0,0,0,0,0,0,0,0,0,0,0,0,0,0,0,0,0,0,0,0,0,0,0,0,0,0,0,0,0,0,0,0,0,0,0,0,0,0,0,0,0,0,0,0,0,0,0,0,0,0,0,0,0,0,0,14/05/2013
49BE,hgv 4x,0,0,0,0,0,0,0,0,0,0,0,0,0,0,0,0,0,0,0,0,0,0,0,0,0,0,0,0,0,1,1,1,0,0,0,0,0,0,0,0,0,0,0,0,0,0,0,0,0,0,0,0,0,0,0,0,0,0,0,0,0,0,0,0,1,14/05/2013
49BE,hgv 5x,0,0,0,0,0,0,0,0,0,0,0,0,0,0,0,0,0,0,0,0,0,0,0,0,0,0,0,0,0,0,0,0,0,0,0,0,0,0,0,0,0,0,0,0,0,0,0,0,0,0,0,0,0,0,0,0,0,0,0,0,0,0,0,0,0,14/05/2013
49BE,dbus,0,0,0,0,0,0,0,0,0,0,0,0,0,0,0,0,0,0,0,0,0,0,0,0,0,0,0,0,0,0,0,0,0,0,0,0,0,0,0,0,1,1,0,0,0,0,0,1,0,0,0,0,0,0,0,0,0,0,0,0,0,0,0,0,1,14/05/2013
49BE,obus,0,0,0,0,0,0,0,0,0,0,0,0,0,0,0,0,0,0,2,0,2,0,0,0,0,0,1,0,1,0,2,4,0,1,0,0,1,0,0,1,0,1,0,0,1,0,1,3,0,0,0,0,0,0,1,0,0,1,0,0,0,1,1,2,9,14/05/2013
49BE,taxi,0,1,1,2,4,2,1,7,4,14,5,2,8,3,18,36,5,3,3,3,14,2,5,3,3,13,1,4,4,2,11,38,3,8,3,2,16,6,1,2,5,14,3,5,1,2,11,41,4,7,1,2,14,4,1,1,7,13,4,4,4,2,14,41,156,14/05/2013
49BE,mc,0,1,1,2,4,2,2,1,2,7,0,2,2,1,5,16,0,1,0,1,2,0,0,0,0,0,1,1,0,1,3,5,1,2,0,0,3,2,1,3,1,7,1,1,0,0,2,12,3,0,3,1,7,5,1,4,4,14,1,1,2,1,5,26,59,14/05/2013
49BE,pc,3,2,3,9,17,7,9,16,10,42,13,6,5,7,31,90,0,2,1,0,3,3,4,1,1,9,7,0,2,1,10,22,4,5,1,1,11,0,5,1,0,6,2,3,2,0,7,24,2,5,2,5,14,7,3,4,6,20,4,1,7,7,19,53,189,14/05/2013
49BE,vtotal,30,33,44,58,165,56,62,66,56,240,57,46,48,46,197,602,36,33,25,37,131,27,26,34,30,117,38,28,31,47,144,392,35,50,29,37,151,42,39,55,36,172,57,38,42,35,172,495,35,34,44,49,162,60,41,55,64,220,50,62,63,49,224,606,2095,14/05/2013
49BE,ptotal,27.6,30.8,41,50.9,150.3,49.2,53.6,57.8,46.8,207.4,46.6,40,44.1,41.1,171.8,529.5,36,30.8,26.2,36.4,129.4,24.6,24.1,34.5,30.5,113.7,34.1,27.4,30.4,48.2,140.1,383.2,31.2,45.8,28.2,36.2,141.4,42.1,35.7,53.4,37.7,168.9,56.1,35,41.4,35,167.5,477.8,31.6,30,40.6,44.4,146.6,54,39,49.4,58.1,200.5,46.2,60.6,56.2,43.8,206.8,553.9,1944.4,14/05/2013
49BD,car,2,5,2,3,12,2,0,3,2,7,4,4,2,2,12,31,6,3,5,5,19,6,9,5,8,28,6,2,9,4,21,68,6,4,4,6,20,9,6,2,7,24,3,3,8,13,27,71,7,8,5,4,24,5,7,13,2,27,3,6,4,8,21,72,242,14/05/2013
49BD,lgv,3,1,0,0,4,0,0,1,2,3,0,1,1,1,3,10,1,1,1,1,4,1,0,3,1,5,2,1,1,1,5,14,3,1,1,1,6,3,0,1,1,5,2,1,1,1,5,16,2,0,0,2,4,1,0,0,0,1,0,0,0,0,0,5,45,14/05/2013
49BD,hgv 2x,1,0,1,0,2,0,0,0,0,0,0,0,2,0,2,4,0,0,0,0,0,0,0,1,0,1,0,0,0,0,0,1,0,0,0,0,0,0,0,0,0,0,0,1,0,0,1,1,0,0,0,0,0,0,0,0,0,0,0,0,0,0,0,0,6,14/05/2013
49BD,hgv 3x,0,0,0,0,0,0,0,0,0,0,0,0,0,0,0,0,0,0,0,0,0,0,0,0,0,0,1,0,0,0,1,1,0,0,1,0,1,1,0,0,0,1,0,0,0,0,0,2,0,0,0,0,0,0,0,0,0,0,0,0,0,0,0,0,3,14/05/2013
49BD,hgv 4x,0,0,0,0,0,0,0,0,0,0,0,0,0,0,0,0,0,0,0,0,0,0,0,0,0,0,0,0,0,0,0,0,0,0,0,0,0,0,0,0,0,0,0,0,0,0,0,0,0,0,0,0,0,0,0,0,0,0,0,0,0,0,0,0,0,14/05/2013
49BD,hgv 5x,0,0,0,0,0,0,0,0,0,0,0,0,0,0,0,0,0,0,0,0,0,0,0,0,0,0,0,0,0,0,0,0,0,0,0,0,0,0,0,0,0,0,0,0,0,0,0,0,0,0,0,0,0,0,0,0,0,0,0,0,0,0,0,0,0,14/05/2013
49BD,dbus,0,0,0,0,0,0,0,0,0,0,0,0,0,0,0,0,0,0,0,0,0,0,0,0,0,0,0,0,0,0,0,0,0,0,0,0,0,0,0,0,0,0,0,0,0,0,0,0,0,0,0,0,0,0,0,0,0,0,0,0,0,0,0,0,0,14/05/2013
49BD,obus,0,0,0,0,0,0,0,0,0,0,0,0,0,0,0,0,0,0,0,0,0,0,0,0,0,0,0,0,0,0,0,0,0,0,0,0,0,0,0,0,0,0,0,0,0,0,0,0,0,0,0,0,0,0,0,0,0,0,0,0,0,0,0,0,0,14/05/2013
49BD,taxi,3,0,0,0,3,0,0,2,1,3,1,0,0,0,1,7,0,1,0,0,1,0,1,0,0,1,1,1,0,1,3,5,0,1,0,0,1,0,0,1,0,1,1,0,3,0,4,6,1,0,3,1,5,1,0,0,0,1,4,1,0,1,6,12,30,14/05/2013
49BD,mc,0,0,0,0,0,0,0,0,0,0,0,0,0,1,1,1,0,0,0,0,0,0,0,0,0,0,0,0,1,0,1,1,1,0,0,0,1,0,0,0,0,0,1,0,0,1,2,3,0,0,0,1,1,0,1,0,0,1,0,0,0,0,0,2,7,14/05/2013
49BD,pc,0,0,1,2,3,0,2,3,0,5,1,0,2,2,5,13,2,0,4,0,6,1,1,0,0,2,4,0,1,1,6,14,5,0,3,2,10,1,1,1,1,4,2,0,2,1,5,19,2,3,2,4,11,0,2,4,6,12,3,2,5,6,16,39,85,14/05/2013
49BD,vtotal,9,6,4,5,24,2,2,9,5,18,6,5,7,6,24,66,9,5,10,6,30,8,11,9,9,37,14,4,12,7,37,104,15,6,9,9,39,14,7,5,9,35,9,5,14,16,44,118,12,11,10,12,45,7,10,17,8,42,10,9,9,15,43,130,418,14/05/2013
49BD,ptotal,10.3,6,4.5,3.4,24.2,2,0.4,6.6,5,14,5.2,5,8,3.8,22,60.2,7.4,5,6.8,6,25.2,7.2,10.2,10.3,9,36.7,12.1,4,10.6,6.2,32.9,94.8,10.4,6,7.9,7.4,31.7,14.5,6.2,4.2,8.2,33.1,6.8,6.3,12.4,14.6,40.1,104.9,10.4,8.6,8.4,8.2,35.6,7,7.8,13.8,3.2,31.8,7.6,7.4,5,10.2,30.2,97.6,357.5,14/05/2013
49BC,car,3,2,3,7,15,3,3,2,3,11,3,2,4,5,14,40,3,9,2,7,21,4,4,3,4,15,5,7,3,4,19,55,5,3,2,5,15,7,10,1,0,18,8,8,5,4,25,58,2,4,2,4,12,10,1,5,7,23,7,6,4,4,21,56,209,14/05/2013
49BC,lgv,1,3,1,1,6,0,1,1,0,2,0,0,0,1,1,9,0,1,0,2,3,1,1,2,1,5,1,0,1,1,3,11,0,0,2,0,2,1,1,0,3,5,0,1,1,1,3,10,0,0,0,0,0,1,0,0,0,1,0,0,0,0,0,1,31,14/05/2013
49BC,hgv 2x,0,0,0,0,0,0,0,0,0,0,0,0,0,0,0,0,0,0,0,1,1,0,1,0,0,1,0,0,0,0,0,2,0,0,1,1,2,0,0,0,0,0,0,0,1,1,2,4,0,0,0,0,0,0,0,0,0,0,0,1,0,0,1,1,7,14/05/2013
49BC,hgv 3x,0,0,0,0,0,0,0,0,0,0,0,0,0,0,0,0,0,0,0,0,0,0,0,0,0,0,0,0,0,0,0,0,0,0,0,0,0,0,0,0,1,1,0,0,0,0,0,1,0,0,0,0,0,0,0,0,0,0,0,0,0,0,0,0,1,14/05/2013
49BC,hgv 4x,0,0,0,0,0,0,0,0,0,0,0,0,0,0,0,0,0,0,0,0,0,0,0,0,0,0,0,1,0,0,1,1,0,0,0,0,0,0,0,0,0,0,0,0,0,0,0,0,0,0,0,0,0,0,0,0,0,0,0,0,0,0,0,0,1,14/05/2013
49BC,hgv 5x,0,0,0,0,0,0,0,0,0,0,0,0,0,0,0,0,0,0,0,0,0,0,0,0,0,0,0,0,0,0,0,0,0,0,0,0,0,0,0,0,0,0,0,0,0,0,0,0,0,0,0,0,0,0,0,0,0,0,0,0,0,0,0,0,0,14/05/2013
49BC,dbus,0,0,0,0,0,0,0,0,0,0,0,0,0,0,0,0,0,0,0,0,0,0,0,0,0,0,0,0,0,0,0,0,0,0,0,0,0,0,0,0,0,0,0,0,0,0,0,0,0,0,0,0,0,0,0,0,0,0,0,0,0,0,0,0,0,14/05/2013
49BC,obus,0,0,2,0,2,0,0,0,0,0,0,0,0,0,0,2,0,0,0,0,0,0,0,0,0,0,0,0,0,0,0,0,0,0,0,0,0,0,0,0,1,1,0,0,0,1,1,2,0,0,1,0,1,1,0,0,0,1,0,0,0,0,0,2,6,14/05/2013
49BC,taxi,0,0,0,0,0,0,0,1,0,1,0,2,0,0,2,3,1,0,0,0,1,0,0,1,0,1,0,0,1,0,1,3,0,0,1,0,1,0,0,0,0,0,0,0,0,0,0,1,0,0,0,0,0,2,0,0,1,3,0,0,0,1,1,4,11,14/05/2013
49BC,mc,0,0,0,0,0,0,0,0,0,0,0,0,0,0,0,0,0,0,0,0,0,0,0,1,0,1,0,1,0,0,1,2,0,0,0,0,0,0,1,0,0,1,0,0,0,0,0,1,0,0,0,0,0,0,0,1,0,1,0,0,0,0,0,1,4,14/05/2013
49BC,pc,0,0,0,0,0,0,0,0,0,0,0,0,0,1,1,1,0,0,0,0,0,0,0,0,0,0,0,0,0,0,0,0,0,0,0,0,0,0,0,0,0,0,0,0,0,0,0,0,0,0,0,0,0,0,0,0,0,0,0,1,0,0,1,1,2,14/05/2013
49BC,vtotal,4,5,6,8,23,3,4,4,3,14,3,4,4,7,18,55,4,10,2,10,26,5,6,7,5,23,6,9,5,5,25,74,5,3,6,6,20,8,12,1,5,26,8,9,7,7,31,77,2,4,3,4,13,14,1,6,8,29,7,8,4,5,24,66,272,14/05/2013
49BC,ptotal,4,5,8,8,25,3,4,4,3,14,3,4,4,6.2,17.2,56.2,4,10,2,11.3,27.3,5,7.3,6.4,5,23.7,6,9.7,5,5,25.7,76.7,5,3,7.3,7.3,22.6,8,11.4,1,7.3,27.7,8,9,8.3,9.3,34.6,84.9,2,4,4,4,14,15,1,5.4,8,29.4,7,8.5,4,5,24.5,67.9,285.7,14/05/2013
49CB,car,2,5,3,5,15,4,12,10,5,31,6,8,5,7,26,72,5,6,6,5,22,3,6,5,11,25,5,5,8,5,23,70,7,5,4,3,19,5,3,5,3,16,3,9,6,12,30,65,10,11,6,5,32,3,11,7,3,24,6,2,7,2,17,73,280,14/05/2013
49CB,lgv,0,0,0,1,1,0,1,1,1,3,0,0,1,2,3,7,0,1,6,0,7,1,3,0,0,4,3,2,0,0,5,16,3,1,1,3,8,2,0,1,0,3,2,0,2,1,5,16,1,2,0,1,4,0,0,0,0,0,1,0,0,3,4,8,47,14/05/2013
49CB,hgv 2x,0,0,0,0,0,0,0,1,0,1,0,0,0,1,1,2,0,0,0,0,0,0,0,0,0,0,0,0,0,0,0,0,1,0,0,0,1,0,2,0,0,2,0,0,0,1,1,4,1,0,0,0,1,0,0,0,0,0,0,0,0,0,0,1,7,14/05/2013
49CB,hgv 3x,0,0,0,0,0,0,0,0,0,0,0,0,0,0,0,0,0,0,0,0,0,0,0,0,0,0,1,0,0,0,1,1,0,0,0,0,0,0,0,0,0,0,0,0,0,0,0,0,0,0,0,0,0,0,0,0,0,0,0,0,0,0,0,0,1,14/05/2013
49CB,hgv 4x,0,0,0,0,0,0,0,0,0,0,1,0,0,0,1,1,0,0,0,0,0,0,0,0,0,0,0,0,0,0,0,0,0,0,0,0,0,0,0,0,0,0,0,0,0,0,0,0,0,0,0,0,0,0,0,0,0,0,0,0,0,0,0,0,1,14/05/2013
49CB,hgv 5x,0,0,0,0,0,0,0,0,0,0,0,0,0,0,0,0,0,0,0,0,0,0,0,0,0,0,0,0,0,0,0,0,0,0,0,0,0,0,0,0,0,0,0,0,0,0,0,0,0,0,0,0,0,0,0,0,0,0,0,0,0,0,0,0,0,14/05/2013
49CB,dbus,0,0,0,0,0,0,0,0,0,0,0,0,0,1,1,1,0,0,0,0,0,0,0,0,0,0,0,0,0,0,0,0,0,0,0,0,0,0,0,0,0,0,0,0,0,0,0,0,0,0,0,0,0,0,0,0,0,0,0,0,0,0,0,0,1,14/05/2013
49CB,obus,0,0,0,0,0,0,0,1,0,1,0,0,0,0,0,1,0,0,0,0,0,0,0,0,0,0,0,0,0,0,0,0,0,0,0,0,0,0,0,0,0,0,0,0,0,0,0,0,0,0,0,0,0,0,0,0,0,0,0,1,0,0,1,1,2,14/05/2013
49CB,taxi,0,0,0,0,0,0,2,1,0,3,0,0,1,0,1,4,0,0,0,0,0,0,0,0,0,0,0,1,0,0,1,1,0,0,1,0,1,0,0,0,1,1,0,1,0,0,1,3,0,0,1,0,1,1,0,0,0,1,0,1,0,1,2,4,12,14/05/2013
49CB,mc,0,0,1,0,1,0,0,0,0,0,0,0,0,0,0,1,0,0,1,0,1,0,0,0,0,0,0,0,0,0,0,1,1,0,0,0,1,0,0,0,0,0,2,0,0,0,2,3,0,0,0,0,0,1,0,0,0,1,0,0,0,0,0,1,6,14/05/2013
49CB,pc,1,1,1,1,4,0,0,0,0,0,1,2,1,0,4,8,0,0,1,1,2,0,1,0,0,1,0,0,0,1,1,4,1,2,2,0,5,0,1,0,1,2,0,0,0,1,1,8,0,0,0,0,0,0,0,0,0,0,0,0,0,0,0,0,20,14/05/2013
49CB,vtotal,3,6,5,7,21,4,15,14,6,39,8,10,8,11,37,97,5,7,14,6,32,4,10,5,11,30,9,8,8,6,31,93,13,8,8,6,35,7,6,6,5,24,7,10,8,15,40,99,12,13,7,6,38,5,11,7,3,26,7,4,7,6,24,88,377,14/05/2013
49CB,ptotal,2.2,5.2,3.6,6.2,17.2,4,15,16.3,6,41.3,8.5,8.4,7.2,13.3,37.4,95.9,5,7,12.6,5.2,29.8,4,9.2,5,11,29.2,10.3,8,8,5.2,31.5,90.5,12.9,6.4,6.4,6,31.7,7,7.8,6,4.2,25,5.8,10,8,15.5,39.3,96,13.3,13,7,6,39.3,4.4,11,7,3,25.4,7,5,7,6,25,89.7,372.1,14/05/2013
49CA,car,70,86,104,113,373,91,68,80,86,325,85,93,54,74,306,1004,72,56,48,63,239,43,52,55,39,189,63,62,46,58,229,657,50,44,50,54,198,40,47,50,61,198,57,45,47,61,210,606,62,63,65,71,261,55,63,69,68,255,61,72,63,67,263,779,3046,14/05/2013
49CA,lgv,6,7,8,5,26,4,8,7,4,23,7,10,8,9,34,83,11,8,16,13,48,9,5,9,10,33,16,12,17,8,53,134,6,14,4,7,31,8,6,11,10,35,8,5,15,9,37,103,11,9,9,7,36,5,2,8,4,19,2,1,4,4,11,66,386,14/05/2013
49CA,hgv 2x,2,1,1,1,5,0,0,1,0,1,0,3,0,3,6,12,1,1,0,0,2,2,2,0,2,6,2,1,2,1,6,14,0,3,2,4,9,0,0,3,1,4,0,1,0,1,2,15,1,1,0,0,2,0,3,2,0,5,0,0,0,0,0,7,48,14/05/2013
49CA,hgv 3x,0,0,0,0,0,0,0,0,0,0,1,0,0,0,1,1,0,0,0,0,0,1,0,0,0,1,0,1,0,0,1,2,0,0,2,0,2,0,0,0,0,0,0,0,0,0,0,2,0,0,0,0,0,0,0,0,0,0,0,0,0,0,0,0,5,14/05/2013
49CA,hgv 4x,0,0,0,0,0,0,0,0,0,0,0,0,0,0,0,0,0,0,0,0,0,0,0,0,0,0,0,0,0,0,0,0,0,0,0,0,0,0,0,1,0,1,0,0,0,0,0,1,0,0,0,0,0,0,0,0,1,1,0,0,0,0,0,1,2,14/05/2013
49CA,hgv 5x,0,0,0,0,0,0,0,0,0,0,0,0,0,0,0,0,0,0,0,0,0,0,0,0,0,0,0,0,0,0,0,0,0,0,0,0,0,0,0,0,0,0,0,0,0,0,0,0,0,0,0,0,0,0,0,0,0,0,0,0,0,0,0,0,0,14/05/2013
49CA,dbus,0,0,0,0,0,0,0,0,0,0,0,0,0,0,0,0,0,0,0,0,0,0,0,0,0,0,0,0,0,0,0,0,0,0,0,0,0,0,0,0,0,0,0,0,0,0,0,0,0,0,0,0,0,0,0,0,0,0,0,0,0,0,0,0,0,14/05/2013
49CA,obus,0,1,0,0,1,2,1,2,2,7,1,0,1,0,2,10,1,0,0,0,1,0,0,0,0,0,0,0,0,0,0,1,0,0,0,0,0,0,0,1,0,1,0,2,0,0,2,3,0,0,0,1,1,1,0,0,0,1,1,0,0,0,1,3,17,14/05/2013
49CA,taxi,7,2,10,6,25,9,10,7,16,42,14,20,11,15,60,127,18,13,11,15,57,9,12,11,10,42,15,6,14,7,42,141,10,15,10,17,52,8,16,4,9,37,15,13,11,15,54,143,15,9,7,15,46,6,6,9,5,26,9,16,8,13,46,118,529,14/05/2013
49CA,mc,3,2,0,2,7,3,5,6,10,24,4,5,3,4,16,47,3,2,1,2,8,1,1,0,0,2,3,2,2,1,8,18,0,2,0,3,5,0,0,1,0,1,0,1,9,2,12,18,2,1,3,5,11,0,3,2,2,7,1,2,2,3,8,26,109,14/05/2013
49CA,pc,4,3,3,19,29,28,15,35,39,117,18,10,11,13,52,198,8,2,3,6,19,5,2,1,4,12,2,4,5,2,13,44,6,1,0,2,9,7,1,3,4,15,2,1,5,0,8,32,5,4,3,9,21,10,12,17,13,52,8,12,9,3,32,105,379,14/05/2013
49CA,vtotal,92,102,126,146,466,137,107,138,157,539,130,141,88,118,477,1482,114,82,79,99,374,70,74,76,65,285,101,88,86,77,352,1011,72,79,68,87,306,63,70,74,85,292,82,68,87,88,325,923,96,87,87,108,378,77,89,107,93,366,82,103,86,90,361,1105,4521,14/05/2013
49CA,ptotal,89.6,100.7,124.9,130.9,446.1,114.8,93,109.7,121.8,439.3,115.5,133.9,78.4,109.1,436.9,1322.3,108.1,80.5,76,93,357.6,69.3,74.4,75.2,64.4,283.3,100.2,86.2,83.4,76.1,345.9,986.8,67.2,80.9,73.2,88.8,310.1,57.4,69.2,77.2,83.1,286.9,80.4,69.9,77.6,88.1,316,913,92.1,84.5,82.8,98.8,358.2,70,81.5,94.8,82.7,329,76,92.2,77.6,85.8,331.6,1018.8,4240.9,14/05/2013
49CE,car,3,12,13,11,39,11,11,5,13,40,14,10,11,19,54,133,10,9,10,7,36,8,4,5,8,25,7,8,11,10,36,97,6,8,5,3,22,11,7,6,9,33,11,10,10,8,39,94,12,13,4,10,39,18,10,15,12,55,22,17,21,18,78,172,496,14/05/2013
49CE,lgv,1,1,2,0,4,0,3,1,0,4,0,4,1,1,6,14,3,1,1,5,10,3,0,3,2,8,1,2,0,5,8,26,2,1,3,1,7,2,3,1,0,6,2,2,1,3,8,21,4,1,1,1,7,2,5,1,1,9,1,0,0,1,2,18,79,14/05/2013
49CE,hgv 2x,0,0,0,0,0,0,0,0,0,0,0,0,0,0,0,0,1,0,1,0,2,0,0,0,0,0,0,0,0,0,0,2,1,0,0,0,1,0,0,0,0,0,1,1,0,0,2,3,0,0,0,0,0,0,0,0,0,0,0,0,0,0,0,0,5,14/05/2013
49CE,hgv 3x,0,0,0,0,0,0,0,0,0,0,0,0,0,0,0,0,0,0,0,0,0,0,0,0,0,0,0,0,0,0,0,0,0,0,0,0,0,0,0,0,0,0,0,0,0,0,0,0,0,0,0,0,0,0,0,0,0,0,0,0,0,0,0,0,0,14/05/2013
49CE,hgv 4x,0,0,0,0,0,0,0,0,0,0,0,0,0,0,0,0,0,0,0,0,0,0,0,0,0,0,0,0,0,0,0,0,0,0,0,0,0,0,0,0,0,0,0,0,0,0,0,0,0,0,0,0,0,0,0,0,0,0,0,0,0,0,0,0,0,14/05/2013
49CE,hgv 5x,0,0,0,0,0,0,0,0,0,0,0,0,0,0,0,0,0,0,0,0,0,0,0,0,0,0,0,0,0,0,0,0,0,0,0,0,0,0,0,0,0,0,0,0,0,0,0,0,0,0,0,0,0,0,0,0,0,0,0,0,0,0,0,0,0,14/05/2013
49CE,dbus,0,0,0,0,0,0,0,0,0,0,0,0,0,0,0,0,0,0,0,0,0,0,0,0,0,0,0,0,0,0,0,0,0,0,0,0,0,0,0,0,0,0,0,0,0,0,0,0,0,0,0,0,0,0,0,0,0,0,0,0,0,0,0,0,0,14/05/2013
49CE,obus,0,0,0,0,0,0,0,0,0,0,0,0,0,0,0,0,0,0,0,0,0,0,0,0,0,0,0,0,0,0,0,0,0,0,0,0,0,0,0,0,0,0,0,0,0,0,0,0,0,1,0,0,1,0,0,0,0,0,0,0,0,0,0,1,1,14/05/2013
49CE,taxi,0,2,0,1,3,0,2,3,4,9,2,1,3,3,9,21,4,3,2,0,9,2,2,0,0,4,1,1,3,1,6,19,0,1,2,1,4,0,3,2,0,5,1,0,1,1,3,12,2,1,3,3,9,2,3,5,1,11,1,1,3,2,7,27,79,14/05/2013
49CE,mc,0,0,1,0,1,0,1,1,0,2,0,0,0,0,0,3,0,0,0,0,0,1,0,0,0,1,0,1,0,0,1,2,0,0,0,0,0,0,0,0,0,0,0,0,0,0,0,0,0,1,0,0,1,2,2,0,0,4,0,0,0,1,1,6,11,14/05/2013
49CE,pc,1,0,2,2,5,6,9,5,7,27,0,1,1,0,2,34,2,0,0,0,2,0,0,3,0,3,0,1,0,1,2,7,0,0,2,0,2,0,1,1,0,2,0,0,2,0,2,6,0,0,4,1,5,1,1,3,2,7,2,3,2,1,8,20,67,14/05/2013
49CE,vtotal,5,15,18,14,52,17,26,15,24,82,16,16,16,23,71,205,20,13,14,12,59,14,6,11,10,41,9,13,14,17,53,153,9,10,12,5,36,13,14,10,9,46,15,13,14,12,54,136,18,17,12,15,62,25,21,24,16,86,26,21,26,23,96,244,738,14/05/2013
49CE,ptotal,4.2,15,15.8,12.4,47.4,12.2,18.2,10.4,18.4,59.2,16,15.2,15.2,23,69.4,176,19.7,13,15.3,12,60,13.4,6,8.6,10,38,9,11.6,14,16.2,50.8,148.8,10.3,10,10.4,5,35.7,13,13.2,9.2,9,44.4,16.3,14.3,12.4,12,55,135.1,18,17.4,8.8,14.2,58.4,23,19,21.6,14.4,78,24.4,18.6,24.4,21.6,89,225.4,685.3,14/05/2013
49CD,car,1,2,2,1,6,5,3,4,1,13,2,2,2,3,9,28,4,2,1,4,11,7,2,6,6,21,5,5,15,9,34,66,12,14,9,10,45,2,7,8,9,26,6,3,5,5,19,90,8,16,9,10,43,8,10,10,7,35,10,10,12,8,40,118,302,14/05/2013
49CD,lgv,0,0,0,0,0,0,1,0,0,1,0,0,0,0,0,1,1,3,1,1,6,2,0,1,1,4,0,1,0,0,1,11,2,1,0,1,4,0,1,1,1,3,0,0,0,0,0,7,1,3,3,1,8,0,0,1,0,1,0,1,1,1,3,12,31,14/05/2013
49CD,hgv 2x,0,0,1,0,1,0,0,0,0,0,0,0,0,2,2,3,0,0,0,0,0,2,0,0,1,3,0,0,0,0,0,3,0,0,0,0,0,0,0,0,0,0,0,0,0,0,0,0,0,0,0,1,1,0,0,0,0,0,0,0,0,0,0,1,7,14/05/2013
49CD,hgv 3x,0,0,0,0,0,0,0,0,0,0,0,0,0,0,0,0,0,0,0,0,0,0,0,0,0,0,0,0,0,0,0,0,0,0,0,0,0,0,0,0,0,0,0,0,0,0,0,0,0,0,0,0,0,0,0,0,0,0,0,0,0,0,0,0,0,14/05/2013
49CD,hgv 4x,0,0,0,0,0,0,0,0,0,0,0,0,0,0,0,0,0,0,0,0,0,0,0,0,0,0,0,0,0,0,0,0,0,0,0,0,0,0,0,0,0,0,0,0,0,0,0,0,0,0,0,0,0,0,0,0,0,0,0,0,0,0,0,0,0,14/05/2013
49CD,hgv 5x,0,0,0,0,0,0,0,0,0,0,0,0,0,0,0,0,0,0,0,0,0,0,0,0,0,0,0,0,0,0,0,0,0,0,0,0,0,0,0,0,0,0,0,0,0,0,0,0,0,0,0,0,0,0,0,0,0,0,0,0,0,0,0,0,0,14/05/2013
49CD,dbus,0,0,0,0,0,0,0,0,0,0,0,0,0,0,0,0,0,0,0,0,0,0,0,0,0,0,0,0,0,0,0,0,0,0,0,0,0,0,0,0,0,0,0,0,0,0,0,0,0,0,0,0,0,0,0,0,0,0,0,0,0,0,0,0,0,14/05/2013
49CD,obus,0,0,0,0,0,0,0,0,0,0,0,0,0,0,0,0,0,0,0,0,0,0,0,0,0,0,0,0,0,0,0,0,0,0,0,0,0,0,0,0,0,0,0,0,0,0,0,0,1,0,0,0,1,0,0,0,0,0,0,0,0,0,0,1,1,14/05/2013
49CD,taxi,0,0,2,0,2,1,0,0,1,2,3,1,0,0,4,8,3,1,1,2,7,2,1,2,0,5,2,0,1,1,4,16,1,0,0,2,3,0,1,1,0,2,0,0,0,0,0,5,0,0,0,1,1,0,0,1,1,2,0,0,1,0,1,4,33,14/05/2013
49CD,mc,0,0,0,0,0,0,0,0,0,0,0,0,0,0,0,0,0,0,0,0,0,0,0,0,0,0,0,0,0,0,0,0,0,0,0,0,0,0,0,0,0,0,0,1,0,0,1,1,1,0,0,0,1,0,0,0,0,0,0,0,0,0,0,1,2,14/05/2013
49CD,pc,1,0,0,1,2,0,1,0,1,2,0,0,0,1,1,5,0,0,0,0,0,0,0,0,0,0,1,0,0,0,1,1,0,1,1,0,2,0,1,1,1,3,0,1,2,0,3,8,0,0,0,0,0,2,2,0,0,4,0,1,0,1,2,6,20,14/05/2013
49CD,vtotal,2,2,5,2,11,6,5,4,3,18,5,3,2,6,16,45,8,6,3,7,24,13,3,9,8,33,8,6,16,10,40,97,15,16,10,13,54,2,10,11,11,34,6,5,7,5,23,111,11,19,12,13,55,10,12,12,8,42,10,12,14,10,46,143,396,14/05/2013
49CD,ptotal,1.2,2,6.3,1.2,10.7,6,4.2,4,2.2,16.4,5,3,2,7.8,17.8,44.9,8,6,3,7,24,15.6,3,9,9.3,36.9,7.2,6,16,10,39.2,100.1,15,15.2,9.2,13,52.4,2,9.2,10.2,10.2,31.6,6,3.6,5.4,5,20,104,11.4,19,12,14.3,56.7,8.4,10.4,12,8,38.8,10,11.2,14,9.2,44.4,139.9,388.9,14/05/2013
49DC,car,1,5,12,15,33,16,18,17,8,59,8,2,2,9,21,113,8,8,5,5,26,6,9,9,7,31,9,8,7,10,34,91,11,14,10,5,40,8,18,9,11,46,8,5,14,12,39,125,5,6,11,10,32,13,4,13,8,38,7,7,12,14,40,110,439,14/05/2013
49DC,lgv,0,1,1,2,4,0,0,1,1,2,0,0,1,1,2,8,2,2,0,3,7,1,1,0,0,2,0,3,0,0,3,12,2,1,0,0,3,2,2,1,2,7,0,0,2,0,2,12,0,0,1,1,2,2,1,1,0,4,0,1,1,0,2,8,40,14/05/2013
49DC,hgv 2x,0,0,1,0,1,0,0,0,1,1,0,1,2,0,3,5,0,1,0,0,1,0,2,0,0,2,0,1,0,0,1,4,0,0,0,0,0,1,0,1,0,2,0,0,0,0,0,2,0,0,0,1,1,0,0,0,0,0,0,0,0,0,0,1,12,14/05/2013
49DC,hgv 3x,0,1,0,0,1,0,0,0,0,0,0,0,0,0,0,1,0,0,0,0,0,0,0,0,0,0,0,0,0,0,0,0,0,0,0,0,0,0,0,0,1,1,0,0,0,0,0,1,0,0,0,0,0,0,0,0,0,0,0,0,0,0,0,0,2,14/05/2013
49DC,hgv 4x,0,0,0,0,0,0,0,0,0,0,0,0,0,0,0,0,0,0,0,0,0,0,0,0,0,0,0,0,0,0,0,0,0,0,0,0,0,0,0,0,0,0,0,0,0,0,0,0,0,0,0,0,0,0,0,0,0,0,0,0,0,0,0,0,0,14/05/2013
49DC,hgv 5x,0,0,0,0,0,0,0,0,0,0,0,0,0,0,0,0,0,0,0,0,0,0,0,0,0,0,0,0,0,0,0,0,0,0,0,0,0,0,0,0,0,0,0,0,0,0,0,0,0,0,0,0,0,0,0,0,0,0,0,0,0,0,0,0,0,14/05/2013
49DC,dbus,0,0,0,0,0,0,0,0,0,0,0,0,0,0,0,0,0,0,0,0,0,0,0,0,0,0,0,0,0,0,0,0,0,0,0,0,0,0,0,0,0,0,0,0,0,0,0,0,0,0,0,0,0,0,0,0,0,0,0,0,0,0,0,0,0,14/05/2013
49DC,obus,0,0,0,0,0,0,0,0,0,0,0,0,0,0,0,0,0,0,0,0,0,0,0,0,0,0,0,0,0,0,0,0,0,0,0,0,0,0,0,0,0,0,0,0,0,0,0,0,0,0,0,0,0,0,0,0,0,0,0,0,0,0,0,0,0,14/05/2013
49DC,taxi,0,0,0,2,2,0,0,1,1,2,2,1,3,1,7,11,0,0,0,0,0,0,0,0,2,2,1,0,0,0,1,3,1,0,0,0,1,0,0,0,0,0,0,0,0,0,0,1,0,0,0,0,0,0,0,0,1,1,0,0,0,0,0,1,16,14/05/2013
49DC,mc,0,0,0,1,1,0,0,0,1,1,0,0,0,0,0,2,0,0,0,0,0,0,0,0,0,0,0,0,0,1,1,1,0,0,0,0,0,0,0,0,0,0,0,0,0,0,0,0,0,0,0,0,0,0,0,0,1,1,0,0,0,0,0,1,4,14/05/2013
49DC,pc,3,2,0,0,5,2,2,1,0,5,2,1,0,2,5,15,0,0,0,2,2,0,0,0,0,0,0,0,0,0,0,2,0,0,0,0,0,0,1,2,0,3,1,0,1,0,2,5,0,0,0,4,4,0,0,1,1,2,1,2,0,1,4,10,32,14/05/2013
49DC,vtotal,4,9,14,20,47,18,20,20,12,70,12,5,8,13,38,155,10,11,5,10,36,7,12,9,9,37,10,12,7,11,40,113,14,15,10,5,44,11,21,13,14,59,9,5,17,12,43,146,5,6,12,16,39,15,5,15,11,46,8,10,13,15,46,131,545,14/05/2013
49DC,ptotal,1.6,8.7,15.3,19.4,45,16.4,18.4,19.2,12.7,66.7,10.4,5.5,10.6,11.4,37.9,149.6,10,12.3,5,8.4,35.7,7,14.6,9,9,39.6,10,13.3,7,10.4,40.7,116,14,15,10,5,44,12.3,20.2,12.7,15.3,60.5,8.2,5,16.2,12,41.4,145.9,5,6,12,14.1,37.1,15,5,14.2,9.6,43.8,7.2,8.4,13,14.2,42.8,123.7,535.2,14/05/2013
49DB,car,1,0,6,8,15,14,6,9,6,35,5,2,6,2,15,65,0,2,2,1,5,6,0,3,3,12,4,3,3,4,14,31,2,5,4,8,19,5,2,4,5,16,3,9,4,7,23,58,5,5,4,3,17,3,2,1,2,8,1,1,6,4,12,37,191,14/05/2013
49DB,lgv,0,0,0,0,0,1,1,2,0,4,0,0,1,0,1,5,0,0,2,1,3,2,1,0,1,4,2,4,1,1,8,15,1,0,1,0,2,1,0,0,0,1,0,2,2,1,5,8,0,1,0,3,4,1,0,0,2,3,1,0,0,0,1,8,36,14/05/2013
49DB,hgv 2x,0,0,0,0,0,0,0,0,0,0,0,0,0,0,0,0,1,1,0,0,2,0,1,0,0,1,1,1,1,0,3,6,0,0,0,0,0,0,2,0,0,2,0,0,0,0,0,2,0,0,0,0,0,0,0,0,0,0,0,0,0,0,0,0,8,14/05/2013
49DB,hgv 3x,0,0,0,0,0,0,0,0,0,0,1,0,0,0,1,1,0,0,0,0,0,0,0,0,0,0,0,0,0,0,0,0,0,0,0,0,0,0,0,0,0,0,0,0,0,0,0,0,0,0,0,0,0,0,0,0,0,0,0,0,0,0,0,0,1,14/05/2013
49DB,hgv 4x,0,0,0,0,0,0,0,0,0,0,0,0,0,0,0,0,0,0,0,0,0,0,0,0,0,0,0,0,0,0,0,0,0,0,0,0,0,0,0,0,0,0,0,0,0,0,0,0,0,0,0,0,0,0,0,0,0,0,0,0,0,0,0,0,0,14/05/2013
49DB,hgv 5x,0,0,0,0,0,0,0,0,0,0,0,0,0,0,0,0,0,0,0,0,0,0,0,0,0,0,0,0,0,0,0,0,0,0,0,0,0,0,0,0,0,0,0,0,0,0,0,0,0,0,0,0,0,0,0,0,0,0,0,0,0,0,0,0,0,14/05/2013
49DB,dbus,0,0,0,0,0,0,0,0,0,0,0,0,0,0,0,0,0,0,0,0,0,0,0,0,0,0,0,0,0,0,0,0,0,0,0,0,0,0,0,0,0,0,0,0,0,0,0,0,0,0,0,0,0,0,0,0,0,0,0,0,0,0,0,0,0,14/05/2013
49DB,obus,0,0,0,1,1,0,0,0,0,0,0,0,0,0,0,1,0,0,0,0,0,0,0,0,0,0,0,0,0,0,0,0,0,0,0,0,0,0,0,0,0,0,0,0,0,0,0,0,0,0,0,0,0,0,0,0,0,0,0,0,0,0,0,0,1,14/05/2013
49DB,taxi,0,0,1,0,1,0,0,1,0,1,1,0,0,0,1,3,0,0,0,0,0,0,1,0,0,1,0,0,0,1,1,2,0,0,0,2,2,0,1,0,0,1,1,2,1,0,4,7,0,2,1,2,5,1,0,1,0,2,4,0,1,0,5,12,24,14/05/2013
49DB,mc,0,0,1,0,1,0,0,0,0,0,0,1,1,0,2,3,0,0,0,0,0,0,0,0,0,0,0,0,0,0,0,0,0,0,0,0,0,1,0,0,0,1,0,0,0,0,0,1,0,0,0,0,0,0,0,1,0,1,1,0,0,0,1,2,6,14/05/2013
49DB,pc,0,5,4,5,14,3,5,9,8,25,4,0,0,3,7,46,1,0,0,0,1,0,1,0,2,3,0,1,1,2,4,8,0,0,2,3,5,3,2,1,1,7,6,1,2,1,10,22,0,1,3,2,6,2,3,2,1,8,3,3,0,1,7,21,97,14/05/2013
49DB,vtotal,1,5,12,14,32,18,12,21,14,65,11,3,8,5,27,124,2,3,4,2,11,8,4,3,6,21,7,9,6,8,30,62,3,5,7,13,28,10,7,5,6,28,10,14,9,9,42,98,5,9,8,10,32,7,5,5,5,22,10,4,7,5,26,80,364,14/05/2013
49DB,ptotal,1,1,8.2,11,21.2,15.6,8,13.8,7.6,45,9.1,2.4,7.4,2.6,21.5,87.7,2.5,4.3,4,2,12.8,8,4.5,3,4.4,19.9,8.3,9.5,6.5,6.4,30.7,63.4,3,5,5.4,10.6,24,7,8,4.2,5.2,24.4,5.2,13.2,7.4,8.2,34,82.4,5,8.2,5.6,8.4,27.2,5.4,2.6,2.8,4.2,15,7,1.6,7,4.2,19.8,62,295.5,14/05/2013
49DA,car,3,3,3,6,15,8,7,4,1,20,4,3,5,5,17,52,3,1,3,7,14,7,1,1,5,14,8,11,5,5,29,57,3,10,6,6,25,4,7,6,3,20,6,3,6,6,21,66,3,3,7,5,18,3,3,4,5,15,4,9,10,1,24,57,232,14/05/2013
49DA,lgv,1,0,1,0,2,1,0,0,0,1,0,1,0,1,2,5,2,1,0,2,5,3,2,1,2,8,1,0,0,0,1,14,0,3,1,0,4,1,2,1,0,4,1,3,0,0,4,12,1,1,2,2,6,0,0,2,0,2,1,0,1,1,3,11,42,14/05/2013
49DA,hgv 2x,2,1,0,1,4,0,0,0,0,0,0,0,0,0,0,4,1,0,0,0,1,0,0,0,0,0,0,0,0,0,0,1,0,1,0,0,1,1,0,0,0,1,0,0,0,0,0,2,0,0,0,0,0,0,0,0,0,0,0,0,0,0,0,0,7,14/05/2013
49DA,hgv 3x,0,0,0,0,0,0,0,0,0,0,0,0,0,0,0,0,0,0,0,0,0,0,0,0,0,0,1,0,0,0,1,1,0,0,0,0,0,0,0,0,0,0,0,0,0,0,0,0,0,0,0,0,0,0,0,0,0,0,0,0,0,0,0,0,1,14/05/2013
49DA,hgv 4x,0,0,0,0,0,0,0,0,0,0,0,0,0,0,0,0,0,0,0,0,0,0,0,0,0,0,0,0,0,0,0,0,0,0,0,0,0,0,0,0,0,0,0,0,0,0,0,0,0,0,0,0,0,0,0,0,0,0,0,0,0,0,0,0,0,14/05/2013
49DA,hgv 5x,0,0,0,0,0,0,0,0,0,0,0,0,0,0,0,0,0,0,0,0,0,0,0,0,0,0,0,0,0,0,0,0,0,0,0,0,0,0,0,0,0,0,0,0,0,0,0,0,0,0,0,0,0,0,0,0,0,0,0,0,0,0,0,0,0,14/05/2013
49DA,dbus,0,0,0,0,0,0,0,0,0,0,0,0,0,0,0,0,0,0,0,0,0,0,0,0,0,0,0,0,0,0,0,0,0,0,0,0,0,0,0,0,0,0,0,0,0,0,0,0,0,0,0,0,0,0,0,0,0,0,0,0,0,0,0,0,0,14/05/2013
49DA,obus,0,0,0,0,0,0,0,0,0,0,0,0,0,0,0,0,0,0,0,0,0,0,0,0,0,0,0,0,0,0,0,0,0,0,0,0,0,0,0,0,0,0,0,0,0,0,0,0,0,0,0,0,0,0,0,0,0,0,0,0,0,0,0,0,0,14/05/2013
49DA,taxi,0,0,1,0,1,0,0,1,0,1,1,0,2,0,3,5,0,0,0,1,1,0,1,0,1,2,0,2,0,0,2,5,1,0,0,0,1,1,0,3,0,4,0,0,1,0,1,6,0,1,1,2,4,0,2,0,0,2,3,0,2,0,5,11,27,14/05/2013
49DA,mc,0,0,0,0,0,0,1,0,0,1,0,0,0,0,0,1,0,0,0,0,0,0,0,0,0,0,0,0,0,0,0,0,0,0,0,0,0,0,0,0,0,0,1,0,0,0,1,1,0,0,0,0,0,0,0,0,0,0,0,0,0,0,0,0,2,14/05/2013
49DA,pc,2,0,1,4,7,3,4,3,7,17,7,1,0,1,9,33,0,0,0,1,1,1,1,0,1,3,0,1,0,1,2,6,1,0,0,0,1,1,1,0,1,3,1,0,1,1,3,7,2,1,0,1,4,0,0,0,1,1,1,0,3,0,4,9,55,14/05/2013
49DA,vtotal,8,4,6,11,29,12,12,8,8,40,12,5,7,7,31,100,6,2,3,11,22,11,5,2,9,27,10,14,5,6,35,84,5,14,7,6,32,8,10,10,4,32,9,6,8,7,30,94,6,6,10,10,32,3,5,6,6,20,9,9,16,2,36,88,366,14/05/2013
49DA,ptotal,9,5.3,5.2,9.1,28.6,9.6,8.2,5.6,2.4,25.8,6.4,4.2,7,6.2,23.8,78.2,7.3,2,3,10.2,22.5,10.2,4.2,2,8.2,24.6,11.3,13.2,5,5.2,34.7,81.8,4.2,15.3,7,6,32.5,8.5,9.2,10,3.2,30.9,7.6,6,7.2,6.2,27,90.4,4.4,5.2,10,9.2,28.8,3,5,6,5.2,19.2,8.2,9,13.6,2,32.8,80.8,331.2,14/05/2013
