"","TIME","AUT","BEL","CZE","DEU","DNK","ESP","EST","EU27","FRA","GBR","GRC","HUN","IRL","ITA","LTU","LUX","LVA","NLD","POL","PRT","SVK","SVN","SWE"
"674","2003-02",-4.87318692289542,0.718133049403643,20.9651749267074,-0.839664448635213,6.38488060273273,-3.60946288545214,5.65936952023476,1.54265041753728,-1.70077947626972,6.36314429990562,-2.81460670880276,5.70404953565145,1.70353431062574,18.367732326679,9.25929908286836,13.9707175423895,-4.94567678074398,0.434626230668341,3.03296680685127,-0.134582379546889,20.9074699484483,3.32323514264609,-4.13793850717746
"675","2003-03",-3.06357576023753,2.98979014520068,14.9997005352912,-2.88592938977445,-8.85848037450486,-0.569738608574626,1.08030602357298,-0.620888797662387,-0.73420328471612,0.0267261751990512,-7.66080198269978,3.13650240741209,-5.23853402832593,16.8786859983042,-0.519096532231356,-5.67235338431598,11.0154809135245,-2.06918766966551,-1.52795366630111,-5.59592576620228,0.100446608860318,-2.30436836623587,1.51965674921084
"676","2003-04",5.40861262433493,-5.7738817017047,-17.8630150228603,-0.567149592166478,-3.26616620571579,14.9444923496326,-3.43060731846913,-3.76707840648999,-3.72102564102565,1.47925430709266,4.14344233710222,-9.01821260220477,2.61568240186018,-25.5102220713517,15.712063793132,-0.667828853209878,-20.8023685689839,0.686284092459087,9.71604413888143,4.9859054250832,-10.5196425461943,3.20141025908769,-6.73113095913949
"677","2003-05",-1.06299451387406,3.51637632863659,0.754986604515322,3.77486111582422,5.66371681415929,-6.55468534261837,2.97408271100244,0.43613529212428,0.0371326304512106,-1.09219075229429,2.78271213173369,2.77412435665225,-6.831545806012,-3.01529662533854,7.93319441965136,-0.594731722203038,27.7783008699897,9.25955045698714,4.19379987720724,-12.6746013847712,-3.86362834895265,2.09882662925347,5.08222541151819
"678","2003-06",-2.77631498125193,4.57272695362792,7.49179272907466,-1.24120239421039,-1.89408581368381,2.84657764895758,-2.06987413585991,1.28173078513506,2.47357564030011,2.63668960655839,3.64474548962652,0.0672755378603654,1.06522259386926,12.0490769062268,-7.71168919447693,-9.32555955563506,-4.06198654862996,0.446526730366825,-3.66336896806971,6.5406198289957,3.4521836275729,11.5920344593759,-1.60068926761594
"679","2003-07",9.22092251155636,1.50111084345566,-2.65989217764482,1.86405471128382,8.97031783556607,2.56793695110644,6.14216956937238,4.27717485995245,3.28440279806653,-0.584577396553195,-4.73481024705126,-1.19432586934372,3.1393624171552,5.21274766925691,19.2805164766447,8.84871361717486,1.49104789773088,-5.46594333205616,-0.349878067648608,9.4696651357494,4.1082338709392,-10.3676771472672,2.62274990618287
"680","2003-08",-4.76061621941897,6.5300823970882,-1.0371223098055,-0.601631398486605,-3.12161022056165,1.57031142652264,3.09379166486965,-0.0670847516308974,-1.5241501037756,4.73724604903368,7.03602358182991,15.114136546114,1.31111441455285,-4.25780074564887,3.6268411365873,8.52596249048034,3.97939203527475,4.67231130750592,3.36176050893715,1.63475251897836,-2.55008645306327,1.51700174908793,-1.69297928077454
"681","2003-09",5.2943821389905,0.237751929049983,12.4373605789381,1.06576543541293,2.5752674794725,0.470704285624942,3.62059950769225,-1.48380242767041,-2.79830922105067,-5.74510004557656,-18.8829551452372,-15.3161423346596,0.578659767362001,4.22443072773976,-22.2764845737549,-4.83418006836906,1.66017735377901,-2.33977265814514,9.0981590468698,-0.290290375008994,-1.79244856632884,0.493444789354029,-1.43640043691845
"682","2003-10",2.66123818374098,-0.000622158459574191,-13.7839204801017,-6.5545989324914,-0.194057004244987,2.37893619812652,0.036938820729266,-0.0804100655080612,3.1966075836842,0.895413827389516,42.1748739854798,6.33547473252734,9.45967963870702,-2.07205932096323,24.1350453575682,0.849825349922108,1.76297737664315,-8.445662079088,1.50238469516815,-4.6278120265276,9.18480921110732,0.0375898532848082,3.85634239917286
"683","2003-11",-8.14810903676934,-0.256853741133538,4.21803151935239,5.02518441217979,11.2528861344027,1.95136089144747,1.79619017095754,-0.0208469932071259,-6.35407511742553,-0.380993067591874,-11.2986288150463,2.60703137448737,-5.44760093212263,1.70140936147213,7.87097769159875,-0.245347501778516,-0.796766800072277,1.90151865767093,1.64416999707832,6.95096285768657,23.507892708571,8.67174793516779,-4.07910877670462
"684","2003-12",10.5606870369595,15.2162866192365,-6.84963413594241,-6.62071398838007,-5.73457127252867,-0.74894208654614,0.989378320003646,-5.9568220158172,3.81431252874562,3.25544235551326,7.97183271609558,-7.16985455110889,-5.73039129359265,-1.04705399291538,-8.09060304687201,-0.943552622987377,3.57396413031811,2.25298693412754,1.77435414834162,5.14518905005844,-24.8340935891262,15.9523665069248,-3.8284937884678
"685","2004-01",-8.10075378153274,-24.6546050444153,-14.2305271747081,-0.217265958506298,4.46118192352261,-2.5014580196523,-3.59535545078923,5.52995481210062,-3.28382156605659,-1.41619820400236,-2.31747700769082,4.76124225751384,1.25982710583142,-4.98007851479438,10.7927657357925,3.02344380923026,13.3975748798664,3.97632872278592,-18.4298191876309,-9.95166595379562,-18.5991028817183,-14.3287227385171,3.11969914074484
"686","2004-02",-4.08744056412742,17.0263124037592,30.8752242249826,6.04269121964472,0.721020521353285,5.36055340994095,-0.264499888722527,1.82938449292796,1.01952385079172,-0.336167202467598,-1.3489398384233,-18.0436996039414,0.0085934695589429,3.84562633062768,-20.9265142040342,-2.76284736702556,-12.120625512599,-2.23664713197521,12.2555058120952,-3.19655438974593,20.3632081753783,2.19605547391254,-1.0655562309494
"687","2004-03",6.01573495987187,1.95296047932209,-12.3856964180666,-3.33953846858925,2.47797356828194,-2.59637246699459,-2.74810957201576,-1.25688258470029,2.29605436507694,-1.07384357855711,3.64375202085124,26.5617349490634,5.15314728547537,4.36373557620188,30.1857201539484,10.6715321115454,20.9802238467291,-3.20936154417319,9.15368600509804,10.0739778590477,2.85605685614942,-1.42415369321069,4.84877114277132
"688","2004-04",1.64594850273297,1.74245429762226,-1.41430217153342,4.63079862148643,8.10317033852769,-0.188113476156935,25.6327137656803,2.93222746452515,-5.11021924044567,-3.3129268040748,2.49783389367997,11.0325499016517,-0.331008186808136,-0.825726017029578,8.79250745060375,-0.72908954768484,26.040324487704,6.73850427907214,21.3126507219771,-5.52999473631042,-7.35251194424002,0.838897438414715,0.598790448012314
"689","2004-05",-1.12881411075458,-7.07838597282063,-0.0766545770672191,-2.64823997173965,-6.78993935778905,0.902989301097267,-9.64152816868726,-1.89522101622246,7.29819644085879,1.48424222373437,-6.80383409160053,-8.90352226361803,0.426385524046415,-3.05520060741014,-8.08060265046896,2.1895581034913,-34.6100018646125,-8.05593691320721,-36.8315429478246,3.91056578643764,37.2677804808475,1.51509893589918,-1.55307088812602
"690","2004-06",5.39478930960091,-3.06031284111461,1.60603638380736,1.09717591658385,6.43131399317406,1.53985309159102,-26.2409811475466,-1.01485832164467,-3.27175383891274,-0.0697146082406112,15.6241588714582,-10.2414877864892,1.27935059803339,-1.69842102234436,-9.70735083385721,-4.24228850895855,-19.0235609348893,5.26316465897552,-17.1524852870394,-6.74474986930135,-32.10869968821,-3.65651274841917,4.34749422551328
"691","2004-07",-0.441729873890703,-6.99212734870502,-0.366280667886881,0.0324524924922048,-2.04429301533221,0.442186186578181,7.53969043978304,-0.178490451333838,-0.0127730233746469,-0.544901319210775,-15.4975003673358,4.50746230171853,3.42204293681867,3.0478801609345,-5.86652331663992,1.36528753062949,33.3034125651815,-1.12943836586801,3.49237114227542,0.00783201511298135,-0.921287257813077,6.61919187772526,-4.32473951913199
"692","2004-08",-6.96171017880156,10.0333497205196,-1.80834549455479,-3.52054616750419,3.53964194373401,-3.21671752711479,2.47045420192077,-2.65958188602141,-1.51045088449279,-0.0451077851087488,-1.92726792322645,-3.3791717572357,-1.6852846835071,-8.06308598796282,8.32167647753416,-3.34014697248785,13.4134275411977,-5.82918484413131,8.67169806948914,10.164646160903,25.7649957875779,-2.62872773016073,-1.5909493535001
"693","2004-09",6.46848229022048,-0.24084218515422,13.6072693935881,2.70763869707426,7.34117182096631,2.51449135985605,5.72153727203082,1.94478701236454,3.35937741268027,-0.792212824126584,2.68301129883261,-2.30354217878187,4.59719408575546,8.26425298370752,12.9085965235642,1.42037699857017,0.247362413512901,4.86890356685188,-10.6526702527293,-0.532322777091614,-10.853730378574,-1.95172546036121,1.08632777554177
"694","2004-10",-5.15978917534759,5.52782248400079,-6.2209097626835,9.84849263502416,3.73711340206185,2.35856749113226,7.59422708033187,3.54528467388226,1.06068935844729,2.22427535358874,2.30347129014095,2.60652032856471,-0.0122820669539771,-2.65892609505726,-0.284356872303787,8.35184755960706,3.36063848411208,5.60212785649945,-0.536723508639033,0.904373534631559,1.03371367396443,0.221886820192792,0.942426510030642
"695","2004-11",8.19695423346684,-2.19063011930811,-0.893156512103194,-4.77577555310682,3.74445430346051,1.55488326696813,-2.16283090663632,-0.686157440725931,6.03835169318645,-1.08282185944825,10.5783351141,-6.09966443204111,-3.05276266614384,-1.27233844439565,0.210361454765539,-4.41412016393434,-1.41938212590249,-4.9751503004696,-9.20719991222555,8.72779728748462,4.06082169899483,0.551622661122472,0.036203545712016
"696","2004-12",6.35174127343487,8.5430690842463,-1.82455674406436,9.89826450642012,1.65925419089976,-3.26413686018596,2.83841687277102,-0.465739134546372,-3.92068298286409,-2.91357661341858,-8.64893216575766,17.0967804886777,0.156731885148494,7.32592123110848,11.7900635392031,3.16738289114605,8.04029829030326,3.48465681250802,9.0681837122038,-12.5931833265205,8.67690896011683,4.98228473384816,4.11878080406865
"697","2005-01",-13.1333278992792,-7.56163044089942,6.73158414198774,-15.7398613608783,0.664647484435474,3.6192449681058,7.85870135591609,2.93693065766019,0.749274521183982,2.28343436014387,2.67030672373095,-14.2815235559467,2.81095302569179,-6.11945773617048,-7.91064777061644,5.10734407617569,1.90360755941072,5.93635853764564,3.02658947941505,14.6823907682943,-1.0966623387166,6.10950039706203,-1.79383624243264
"698","2005-02",-7.99842953882203,-7.35792765168687,-16.1464871521595,4.20807272762858,-3.28458002507313,-2.6590025684203,-1.68959233531468,-4.23594113653508,-1.29384587910664,-8.33868121098382,-8.33976586316849,1.1307452084632,4.5634606461451,-0.811596436749317,0.733095068192146,-2.73491704961112,12.8069513800018,-20.2447386527137,-6.80306861247077,-9.45017293917459,-21.3392573991675,-13.9432740010271,-0.175148605226646
"699","2005-03",11.6485324224364,-1.95880257538203,15.8284846379235,2.18306496006628,0.2851711026616,-2.28086962407574,4.22691925962046,1.1465939081167,1.40535177565731,7.23811641664158,2.71073500637726,-3.52847501439254,-4.85862934738255,-1.37911034234722,-13.2840698434529,-7.4510584250515,-11.4375749510505,8.08740053408374,0.0674017191465041,-4.08715549797406,6.7921869208578,-2.76110078074475,-5.5996646954416
"700","2005-04",3.96682437274899,5.6569893662026,4.2193885841116,1.97785749577993,11.2106850495476,4.27212941069987,11.1124486674194,0.293845233894266,3.20339792694226,-1.63126356403196,3.67608515390891,4.96839689500498,7.63795740428931,6.32351201056216,15.7960323109003,-2.16339980213984,15.2256117603185,12.6670585620665,-10.72086865691,3.18791515046192,14.0712299956649,12.0292910820972,7.69349555184984
"701","2005-05",-4.64966751072002,2.0736469788046,5.46935001633758,-2.82595175421713,-9.5072059507206,-1.21814891959898,-6.3863847739615,-4.68212318090247,-5.4461601949598,-0.998335876487639,-8.83592490823484,0.507383439776709,-2.66939223557823,-30.5122470149663,-2.40500061841448,1.8054288491308,6.70782697254345,-13.548788532908,11.0532139472933,2.76776327148522,-1.73090309186542,-2.01871188920111,-3.2913753032688
"702","2005-06",6.55351828040284,8.23572558515922,-3.91406758638194,5.65723238876756,5.98510146416646,0.202983501114485,1.7644201246701,10.3620706455187,-0.183423472306609,0.0643146986727729,-0.844160120427693,3.44913488444953,0.0469959088183639,65.2851383653481,19.3721214670921,-1.94429788194481,-6.11151494462452,-0.704565840235102,6.00621843369111,20.2994057694354,1.99562407628193,7.15822292599712,-0.567732735080175
"703","2005-07",-7.89595754456049,-8.4458904981871,-3.25345373815184,-1.25224154336961,1.68040071093876,0.34912561588875,0.369455517558065,-3.1524342401637,-0.901076564918874,0.0547882121729556,4.84623788440497,1.61614990102639,-2.02754332140661,-7.29975547336218,-9.11347108976294,5.99798772659409,30.6433344868069,11.8215000364986,-4.59846360760838,-20.1742853972026,2.45795544430404,-8.74212157979581,1.25532735378561
"704","2005-08",3.92532755375833,5.43033914101738,5.31713450385891,-1.13098903837753,3.59923724773558,0.587633902150878,-2.84082204354432,-0.517371255059974,4.58748964028692,0.953665047787919,1.75065878860905,0.995959745459075,7.73150914219899,-3.39980941474598,-12.9697026705325,-0.707646940363686,-15.3653201253897,-8.17443485273563,0.500012061981367,-8.85499670668528,-7.62727965784224,-1.92454902534205,-0.437295945897816
"705","2005-09",1.92106090082357,-1.95176368725882,-12.8609384957785,-2.28761269981077,-3.14441291510085,0.537096945287958,2.96947762452979,0.201861833551677,2.36245161363882,-1.2747523210521,-2.69990319538393,-1.00997939797818,-3.56432396198486,-0.870158634419825,6.25690015690572,2.0614672304451,4.69834012913723,13.9633762168558,-12.1623051194551,11.3845828402354,2.43976740180563,4.8427860877071,4.64890418761643
"706","2005-10",-8.62505300868762,-4.08137993430215,10.1597064044987,9.3207279802186,1.29859846385303,-10.7957773926394,-7.59577160659612,-1.78511543260702,-11.5424243268079,-3.82109933336632,-2.53460259864386,-3.45635951604811,8.12352838373999,1.21332060803236,0.255170898012413,-3.43098884282817,5.48718837238843,-12.0317742683666,-5.2404045491981,-0.455764295235219,-1.17025062931746,-1.99389344184082,-3.6702677565164
"707","2005-11",2.93962426469621,9.16426065680834,-2.30906089993379,-10.7356652218546,-1.89947627608849,7.28909103641386,16.5310810163774,-0.751617644335768,11.9649940187622,1.46568001380468,3.9757443341466,9.58130291209363,-4.83794054617576,-3.57989622180447,9.51370067851857,0.107058580779871,7.40666419049311,1.55136377776831,0.9324759669326,2.48379078275457,-3.18669087377778,-1.17824034515032,-0.579937729502073
"708","2005-12",4.36113422508895,-10.2929005693043,6.00233622991334,6.96221254480531,2.34262948207172,3.58590544573614,7.51849177894442,-1.66570410065805,-3.91713620567496,15.3224095215911,-5.13204946707501,-2.11438733299724,4.60096772509698,-1.52097913073838,6.3361193469135,-2.20858234127252,0.201295446931058,-0.712625488807042,1.47689645063718,1.54907437976045,-2.16861596988444,1.98624478536953,1.61699619186184
"709","2006-01",-0.768702609533968,16.7067574874099,-6.96496782333248,-2.39688334875521,-1.77514792899408,5.57730020000793,-3.33112482003655,11.3493793809762,-0.262190696912233,-18.6836477640489,2.59579001188808,-3.91078380708962,-4.16267155055877,7.89746127292174,-5.61055221460425,17.9764078525794,-3.53768132834817,9.86233068663805,1.95922798473587,-0.151594209175118,4.57757627174375,4.12833819665293,-3.74046114520637
"710","2006-02",-6.42620267195172,2.75415783192649,2.38982915850995,-4.21177438174907,0.459733671528216,-1.36970219762462,2.2385392039813,-3.2785587345941,0.868442671047999,5.30580635235981,5.3586164521053,-2.37671126040845,2.56119677062057,-2.86154222181936,13.7726065579922,-18.0942717970329,5.01998820041699,-3.26262287171113,3.56219029683263,-2.68696500919826,-1.06193182845493,-1.43620134963694,-0.174878289069046
"711","2006-03",14.9671601828862,-1.88687586446725,0.80220212944577,6.70872584185739,0.50497080637526,3.71378503050648,-13.0597939154261,-0.216854251484626,-2.09947643979059,0.653200623810822,-2.0583230911357,-3.62592614005802,-1.20722875686056,0.0205058106114435,6.42585557141368,5.84031925014238,8.30243509023598,6.85562808979011,-1.84867471746332,-1.10708373617352,7.15087764468323,-0.627217781114898,0.834672853869423
"712","2006-04",-11.7015023550555,0.221528765491011,5.53970614047056,-2.03041062053006,4.90657874077564,-2.81262767159096,15.910078995375,0.384226076248062,5.45840241011106,0.54115088551855,-0.0659353632652723,9.07719605628444,-3.17200044885415,-4.52327901742044,-2.64451101816416,4.87766921827675,9.34157564844678,-8.06134630091094,6.6373575643434,-0.162794444758493,2.65180766302917,1.04715677120091,4.40275209557795
"713","2006-05",7.25222572426006,1.96451623988521,-0.850006458877324,2.99595036506487,5.28324478036369,-0.204432265802603,18.362635333768,1.32339244955598,-6.33828608777475,1.22122672488102,1.16163907777547,-5.88145669826838,-1.10111580109237,4.08716529158173,0.474847139598132,16.4620065493443,1.7989889300568,1.62041885471912,-0.462480884235976,-4.16986591117161,2.20615832087172,0.308316418346026,0.207864439403669
"714","2006-06",-8.39804031807475,-13.1446668119812,-7.31566098973814,-5.27803371010867,-2.38112161489801,-0.744320347670588,-6.72724409727278,-2.34405741030201,5.25362754770557,-2.7991057620877,-3.24155963667796,-3.85895802096484,-1.64611036891287,-1.51075492710272,7.42096242430817,-10.4753883319482,0.0489121171350662,0.749950383510702,0.593231085729654,2.83941272980284,-8.92411170880771,-6.39626856503958,-0.192640964460623
"715","2006-07",4.40595473390318,7.83727705692436,6.16788022766556,2.59817770485804,-7.73991553808068,-0.447024271250011,-0.943194109211984,-1.51872507103508,-10.732106012197,0.583894209141161,0.533521682271837,-7.86969477990298,4.14021461636948,-3.84858359136859,-0.253585983822313,-4.55884061182547,-0.945245990645252,-3.18826680462799,3.18860332614741,-2.46810744137234,-6.71813834989696,2.68947460491841,1.64980128761077
"716","2006-08",8.33181378924442,-4.82281633214437,3.01704352046833,-0.630875376163571,1.2232657248836,2.58249299436945,17.2694357155542,2.05731467339739,13.8605747067561,-0.160440827943398,-5.89868578949997,3.18113935380312,1.97470132596831,6.51419134563679,11.1543799101216,-2.79339839610289,8.98762560612636,-2.87164382179114,1.35967091341186,-0.532291492236002,4.50016157867406,4.10842823674189,-1.47313498435095
"717","2006-09",-7.1527615389528,2.14345750486428,-3.66150699090723,7.57289516750769,-0.615936379229693,-1.23668120168534,-9.11635975257065,0.799455232676108,-8.75601691484096,4.8638627562629,3.86152745518204,5.46434416569238,-1.52536198207757,-1.00701836944068,-1.19571042303954,-2.79116068057575,7.38958531372972,5.14957950306609,2.57021428858512,-0.293968473452252,9.57989860382708,1.23657482300098,1.00610806725929
"718","2006-10",1.3796091380021,0.769122147815224,5.50569216353804,-1.85434787366209,0.90217306032793,-3.25235724500434,0.336198684637348,-0.817577413215121,1.2079304330677,-5.52174845868319,-0.0577772046657149,-2.68502805123361,-5.15208601064612,-0.64067541569635,5.85013219742849,0.483405908179541,3.94655823537327,0.658187926853215,5.00474237944791,2.58709713638356,-7.33931531277828,-0.913214600589577,-4.1719333404323
"719","2006-11",2.92035383717256,-1.46568598770212,-1.25091827596038,7.87571640536952,-0.272119421551863,5.80003119181319,5.54931429068598,3.65565725220658,-3.94894684601847,0.489112892275085,-0.435210928584102,-4.69003735640228,-5.26835614841053,5.62391726941693,-6.03936379471112,8.20129075449052,9.65629631393063,-1.06739298024623,-2.9544980826676,-4.04967155880825,4.85510929961983,2.63096958081314,2.41437574632331
"720","2006-12",-4.3856441189501,-3.35554889531591,-0.694726503568429,10.1120542377939,-2.01138224058626,0.850423733232459,5.89722376517571,-0.46810977449407,2.33047623877871,0.986079755788906,14.6826875900528,2.35909296820501,-8.95646811890852,-8.90643873007968,2.57918062167818,-1.09408495290269,7.03908289640794,8.01810997789748,-0.975278813524044,-1.50082825412905,7.62755530372496,-3.13382500732479,1.86987428255892
"721","2007-01",0.478895210575526,3.67606048834857,3.24687371057115,-30.515016217367,1.19341236375209,-2.90528440488983,0.650987278952755,-1.57638912846791,9.3691918816445,-0.0844830056500475,-9.64695247765537,13.8210591118679,29.1396455114305,11.3218849789313,7.65320102284383,-1.32132004309341,0.616696005480912,-4.80120676975622,0.63723820150558,2.61644445018635,-21.5407426062678,-1.40897225152433,6.497494677422
"722","2007-02",-0.359500296404264,-0.560136942113282,1.96764702909131,-6.04875574983978,4.10409623398067,-5.65338309676115,3.97640197663076,-2.85590683699553,-4.53224573030845,-2.31116778646519,-3.6190953759543,-18.8726001791068,-3.44515087378771,1.44783575089705,-5.49361503951222,-0.845306471901406,5.39485102745516,0.68765749038507,5.09159757879727,-2.49987498656341,38.6335644802142,9.5461583279386,-5.19383409674187
"723","2007-03",1.66585604791232,4.65283264840623,-0.925466102917361,22.4610753424659,-0.317196586360558,12.273456654063,1.7023178798991,4.53225913337202,-2.55319401426418,9.00054047654271,21.4538711575579,4.01183884362856,5.45857565172679,-1.18522221931753,9.39659728992234,7.14733505139255,-7.79275434429334,7.41174071333581,8.13022395369862,7.6949174197985,-17.0096128185721,5.26493539304832,3.89232675088204
"724","2007-04",-7.9562469642382,-8.0839327469076,-0.903785455299194,-10.4889052473027,-2.73505568603682,-14.2500026556893,-4.81886752903201,-6.41200720312815,0.467025104882757,-4.94920736338913,-17.2115126944563,-7.55933486786927,-2.1897757141406,-2.97160822511957,-3.24973731008957,-8.01440728716861,-5.51555468033624,-7.82699400775885,0.0123775320716409,-4.32812789783025,-2.83520987229901,-1.68609888344244,-3.28063804766636
"725","2007-05",3.8893099050539,5.99790159591389,-1.48010418498067,2.45069195946625,-2.96775198629069,9.4501516934277,2.51804671930184,4.44668400631497,3.44549630904618,-1.57488782283222,16.156165109823,0.447879674850984,0.935316624466701,5.41486377146659,20.7737812405467,-7.02359112475617,9.57999484709474,0.389819007353758,1.87082475995136,0.328955195455665,2.74802639815624,1.86871968198182,1.30008295317703
"726","2007-06",1.76073590157583,7.18379312156939,6.29364482638637,2.10829311522543,4.20647025768644,1.33032547477677,5.22750027026143,1.92504469024079,0.362660604746807,1.59852312666612,-4.63497623311549,8.96564467858949,-6.36161472284747,1.24904634437973,18.9527463353637,11.0193830546203,-0.136911664431355,11.9448666207442,1.27202251822016,9.88305000327713,2.33314130715846,4.865267190019,-1.7603004618454
"727","2007-07",-5.46370699420579,1.26484541555984,2.42066802253649,0.854251470413078,5.55427162776365,-4.86208850295039,-7.02198380562956,-0.0234688159614084,3.47281409440637,1.91249464187426,-8.77156865150299,-0.365499729355064,3.7411074645148,-5.61914165447123,-11.7850580108773,-2.45127869903201,-6.47636737617753,-10.2467729117293,1.28489883025523,10.3426641139139,-0.572165459247716,-3.74018080559764,3.77893193034169
"728","2007-08",6.36843095386618,-9.16357618666557,-4.46174320996319,3.09653882574382,-0.707925850240833,3.04238860243436,5.75741848422269,0.278358892459456,-0.766709355659485,-2.26011858762969,6.17197187433811,15.8095781712163,-3.7608694250486,5.424328403488,13.1168472869805,2.76259227704415,-0.413437194079177,8.57274644510235,-2.4888828112009,-15.4999019680957,0.549756157414377,3.88169466049311,-1.53709306235424
"729","2007-09",-8.91604289206288,9.75942759972228,3.67895607295592,2.19169999401587,4.02058066887173,-4.98036034591926,-7.67355471300633,-2.02425366311152,-2.4031792236145,7.29609641092694,3.08839606841328,-13.2244424841885,-3.82249593390313,-6.33693087976531,-4.72644635938049,3.3729680323488,-1.7930378701948,-5.8314781106406,4.8967146514315,5.86705443320821,0.556803176165311,-2.2052988158922,-3.9607613114767
"730","2007-10",11.6770359623891,-2.37663197590825,2.14345436027427,-2.56795647044921,0.0635952515545586,2.65032671877347,-2.39347734881596,0.575433255756647,2.10934086738707,-3.15177258179537,-8.46710195562649,0.032722452488814,-2.90405237201051,2.23469561120007,4.62852314442193,0.850923596397211,2.37013245180601,-0.397484394559966,-4.18899635991895,1.33420503709813,2.27960855416613,6.27220235491195,4.26746719391481
"731","2007-11",-2.45281160410575,-3.13956431034621,-0.223211028488937,2.21460115756756,8.22682013982064,-0.241162471630846,7.35158663729741,0.0729404187826238,-1.67155391759751,-3.22666322448814,5.04497725259424,-8.68427231752101,-4.57247325681241,1.06935277531845,12.325194915936,-1.07187522442639,-4.86414914243712,0.910149949678998,-2.61320454249654,-3.13187006276459,7.14319525164588,-5.38344382649238,0.764164944282326
"732","2007-12",6.19089054586035,3.32840259937984,8.10221782989651,1.01866643093657,-0.345817564922361,14.1411516720058,-7.24048221097443,3.06322194328738,12.7799438371742,0.367942585639213,-7.93399360834428,-2.09912145014928,-15.1317605729484,1.44149917496919,-13.656747160157,11.608008615327,-7.63810766892714,-8.39969124490665,8.50920479927989,1.80774206129985,-10.5984491972085,5.86275516646185,19.603221038902
"733","2008-01",-4.81354689244403,-3.10085950346991,0.0910544448363356,-3.92834254495108,-3.3261310809926,-19.8833660125774,3.30997781425507,-1.97808215020083,-13.0747030347304,-1.86902008465868,11.4697605013431,22.8410596018219,45.9486181814662,-6.7178226325171,19.874345399295,-11.274342096959,1.16648391979684,2.32658800471779,1.49452878467471,0.840838069293762,18.5419032480036,-4.20463411688407,-24.1084284275303
"734","2008-02",5.75022188133266,5.21119802395835,-4.75462494247072,0.534629101624458,0.331865899085666,3.14978863699465,3.26189013196965,1.15960101730867,5.00390606505374,-10.8484928578244,2.42702204004476,-11.6704121592685,-18.1747918533938,-0.113573539816903,3.78639069366099,-14.013242609887,-12.3890418686807,25.0144727251636,2.48213654832234,3.95312375907143,6.29900108155003,-0.701021084908487,2.0543732340572
"735","2008-03",-10.6336200085678,0.352848629526913,0.638101262975384,-2.97486141143845,-8.24895369245309,-9.7664425811989,-3.61591256940716,-5.87005696156713,-1.89659739718075,23.7626944550017,-8.5272493190932,-7.53478426159471,-4.82401311796715,-10.693980495845,-4.23035997097809,13.9716987207258,-7.85155656518453,-16.1317216399887,-0.574775893501704,-3.6552771388707,-9.31189612051867,-3.56370703474657,-6.83506126266909
"736","2008-04",8.91672560509459,3.95093600324106,1.59369052757297,5.65084384748432,6.010888758093,4.56937314779843,-4.33110158188527,1.8587207985175,1.83674407381449,-8.10354477075526,20.7624296039349,8.06829284912382,4.44660297643456,9.51891415072151,-4.5329003541333,6.25937471386838,4.53151158393502,3.73966356079998,-3.29214852334832,2.69712923656835,11.4322925135279,16.4979298509511,6.29561412435967
"737","2008-05",-5.29945793421309,-3.90541411555601,-15.3085696264341,-9.93571121196184,-6.63474217502949,-9.24298114437324,-4.8143720884107,-4.45880174480865,1.5988265493216,-3.34338608946084,-18.0535070814977,-6.86304204112516,-24.1093565026504,-4.42105586606048,-15.540424532552,-3.76922225562443,-16.1679677420749,5.38047975748318,-0.710712631333453,-3.2805055194206,-11.0443524094748,-14.8455246128742,-4.31367270914947
"738","2008-06",12.4663477545358,0.214218899128769,16.6866397257883,5.07507628050681,-0.468297034118786,-10.2758653677904,-8.59080185288708,-1.11798362292952,-2.9679769447329,-4.38141840984041,1.68032289016591,-0.746369631767371,-31.2622392645202,-5.05179775648755,-7.17514043200264,2.0803172105551,-9.22117751158811,-7.7056625038195,3.18894411875609,-9.53010047943242,4.26764198355576,2.78225107201285,-7.97804951668855
"739","2008-07",-17.7474283074049,-5.50700140722854,1.80024471763928,-1.59442428025385,-5.20537714712472,-2.8625223574015,5.00539011802941,0.696536011164797,0.518472737261369,-4.73916495246416,-2.64298441149596,-5.41468072002923,121.769341494149,3.81700385319601,5.42446793444378,-0.00651651480726855,7.95094011037939,-2.17306111353719,-9.88188284267446,15.404022337972,5.17750289287703,2.3996781580598,-1.52494958710204
"740","2008-08",-5.42244637929617,2.36718843590152,-4.90516838375263,1.65911887466793,-2.02473804459151,-7.52250751878434,-15.4090289973637,-1.60103703715894,1.37147736976943,-2.64404515774867,6.33275859581359,9.71603220712579,-26.9463439888229,-5.77296779679234,-12.8915149964981,3.4267469914903,1.61555718783585,8.54793729900584,7.94007062905206,1.04702470007352,-3.54079622532951,-6.02121490035201,-0.433076177347918
"741","2008-09",8.33414596198119,-4.51802612410102,12.4746750679755,-3.18485061035226,-6.10324863300097,-6.52256463798255,-7.21946113015669,-2.25352162754466,-4.01496133304129,-5.01187902145298,-4.40869093724664,-3.11954395526993,-23.1178534951786,4.73894607483014,-0.255495457226443,1.69194228565124,-19.0892878964876,-9.08474167554675,-6.21034519976131,-3.29393147609481,-4.47807484428018,1.4647720746821,0.580149209924655
"742","2008-10",13.5887396722871,-1.67324172962473,-11.4871476537211,-2.14330609319091,-7.78453369872398,-0.812885796078432,-6.11820312942177,-4.164983757304,-3.81896904803698,-2.47287449151525,-8.72415013676486,-6.43443428780222,-18.2785481903247,-6.32157230193621,-6.17909330638723,-9.3755141763096,-10.7658730345102,0.928334484770602,11.940654137388,-6.76924843809134,7.71245011053909,2.50964446268998,-7.0569939763447
"743","2008-11",-19.2610861881476,-4.97245770534846,-3.94026540884593,-0.424400919952715,-13.8465824665676,-10.2438130651647,-19.6057053945853,-5.96432943235776,-2.42847496395613,-17.562483807406,-19.7256670041087,-15.8003946773689,-17.6033723319177,-7.00689773450162,-19.9902719613305,1.2371156780736,-6.83443486864572,-12.6142901920492,2.03897123491255,5.2462631475114,-9.29393426623391,-9.94371790694555,-7.47532629882051
"744","2008-12",2.47209350534231,-7.65525065544577,-14.600117993243,-1.50029043337837,-12.9783335129891,-0.878216179272154,-1.41743513657932,-3.2617405412703,-8.65260519605215,14.4735110765248,-7.73281864987751,-12.515088050386,-1.57617232525055,9.2518290902686,-12.7723756745101,-1.64603526921404,-13.2152415015402,-2.20727547354847,-3.87299799874006,29.623647714271,1.38123569608616,-12.5346776923943,-2.76627176025169
"745","2009-01",1.06764192118991,7.04937493374164,10.4055819183125,-1.66994137180184,4.64511334076552,3.97822485193072,-23.3404400104788,-0.549045138825369,12.2917420297175,-6.35468203614834,-1.35365531197991,-12.6590631665407,-6.46837810193098,-17.7559337376232,-27.5974721726043,-13.7865451127988,-44.6418913005366,-9.1951393425367,-4.35520162638076,-54.916239461723,-32.9607379274037,-1.61968560336467,-5.16009675710311
"746","2009-02",2.18135577680185,2.0694020623997,3.95164938276827,42.2593133980714,7.30350378787877,-10.333851012728,1.30681958932138,12.977853371938,-2.27811478100195,1.96292068667008,17.5259606989586,1.26552526320483,-4.76583013118653,12.2962222082971,-17.9836320639184,9.82956044946314,-3.97224653404367,6.10054451326453,18.8949110546461,7.71330467387762,7.28354372980596,9.96882179924722,7.54196578900021
"747","2009-03",-6.38795837250214,-6.84340625724303,-12.4193485266812,-1.24540179319244,-1.90843905129618,-4.49688196897524,-15.265555579164,0.279565035813274,6.39531267493502,0.711183602792968,-25.3267757654827,4.17592981159261,-8.72697326008166,8.76827172096756,6.01459901900822,-7.87139526002112,5.19664955867822,-16.3685441370185,-12.4272165330061,-7.55904041261846,53.5513808610468,-2.17945442842589,-4.25924461415035
"748","2009-04",40.3894532065481,1.96664788061138,29.3383875163988,3.34904575961964,2.58659469185786,5.52810724302047,19.4111569715716,6.11985022106364,1.5188008605369,8.03481176657031,7.75722974168554,-21.7495240594667,-10.6346897348929,4.01800550454483,6.30336943438329,13.2592946784542,-8.2769327384899,10.5482702792665,1.81260171627202,13.1542123966754,47.5335216372704,-1.46311118099607,-1.94209668601135
"749","2009-05",-12.6829364241782,-0.83156624990059,-16.7142927973915,4.44202749401185,-4.28634071475553,0.609545280458467,-23.2086579724207,3.18130687810034,18.2126527462656,-4.33720402506803,72.5856138498854,-28.5510481534364,0.558047199817497,-1.87071894505886,-8.39751038439575,-5.28112001917786,-14.0928675342586,0.254945544941776,-3.96699835092878,3.39718608563339,-6.20812143828851,-1.53488653667113,0.949263573861091
"750","2009-06",11.8225694507042,-0.166310480243727,3.35334217463266,-2.82361651835987,5.3945710686061,15.8585842749397,13.7475743962576,-1.51014318706021,-10.5284950872219,1.99831486299591,-22.4000996757249,8.44062108493854,6.46661207247906,9.67176161058141,21.2568271587068,-12.8622370066961,13.5809398724477,-8.50056192485591,-2.54294346225611,-1.85050353264039,2.15917596967134,1.99887340746356,9.84284234316525
"751","2009-07",12.1472681744342,5.95939664297427,0.463884965342047,-5.47030473892187,-0.22821125842207,7.71078304144073,-23.6789309526439,2.09893807889649,5.35477056427902,20.5172413758445,30.9148332449594,-36.9185290628786,-7.53064672798042,2.94483247025273,-35.8615141073001,14.6907390695472,-17.7939673074464,20.6713572069103,1.10631516227049,24.4787669667314,-2.75015158199518,4.67730055353672,-5.8293458000592
"752","2009-08",-19.1485892206138,0.790320029116126,2.52849677278719,0.807274207742231,2.84282757869512,4.09847381520985,4.25887223307707,-1.23299786717774,-2.55861666227397,0.777812588141359,10.3406037584724,-7.5448258601085,0.749520968370529,-4.69623429890599,20.9970216382991,2.86608000214391,3.80399080995633,-5.48737409518462,5.66344542524435,9.09337237439834,-12.5014252393367,0.792960807207686,2.73886500458019
"753","2009-09",3.18504404394865,-0.996723390384244,-5.84127220009985,-8.82475528020486,-1.13323448421945,7.94328655403325,16.9577608441724,-2.17012014105724,3.1927531927532,-1.44957884420497,-46.8781956075363,8.86764783491586,7.38808871325075,0.700050060155524,-14.3680266830901,-0.254666483321199,-2.52259199771757,0.162268236230456,-3.22610534922694,-1.51427769989111,-27.4845040714004,-1.31814039035138,1.78931787857486
"754","2009-10",-0.137502691209284,1.5835224420451,2.21696880292136,4.03887465780264,5.61328334226033,11.7289269023678,-13.0721824613088,3.74061084362735,3.73589211191743,16.4733525793565,-15.3459155869301,4.73039430569142,-5.49122867744875,5.53551579436077,-9.38236526583855,4.82882173610825,-15.645995422021,7.03867374003929,-3.17705488532525,13.538874130869,-22.2341002653198,-0.764058374567086,6.63569662664777
"755","2009-11",0.449596884563242,6.29252882884591,6.95710175092652,-10.6112582891175,-0.82158433918248,-8.78007515789591,4.08708198885041,-1.5277832305421,10.4091834661937,-5.30237243703366,69.8346356232656,2.40852512464592,4.98003084382062,-0.582466114309265,15.8371118251819,-7.055735971471,7.54697091239768,-8.96703233216083,3.32447724259742,-2.14284525045627,-6.37943152927759,1.87195939475905,1.70473884736213
"756","2009-12",-1.10575809106177,1.56659911712301,-5.90004532497361,-17.7115489989269,3.55901002249949,-6.62020834326406,29.8181448416629,-7.59443482515676,-7.9075256561559,2.67911026346438,-16.8938101665057,18.5345603290505,-2.36789663151329,-0.845999170481474,12.6197816108961,7.96558818258089,-11.6172132142462,11.6087487606856,-2.94261337298927,7.67297436653464,-3.20972739071073,0.285379408522394,-4.72549486528765
"757","2010-01",-9.59561459162707,-0.758916769311529,-1.80052961073216,1.44307088087943,19.5239976298637,0.746809642795748,-20.5287679663703,1.91154885120907,-4.69524287503228,-9.1760196211554,18.6234370779511,-9.51530981399592,18.3696923120264,-2.18385299214172,-22.3904901616075,0.667892408619877,-7.18289592636686,14.8891292224956,-2.28186921031001,-9.75521801379712,3.89966923210197,-3.80203475646036,13.2552393711669
"758","2010-02",6.87947767274721,-2.89835930226382,-3.06473370696546,-0.230585842520564,-10.2371312897629,6.81383273761243,-6.59219046853335,-1.51829891067355,-3.73581876652028,-2.76133596840001,-23.459429116051,-8.63283974147478,36.2566746650428,0.19930505095893,7.81028635623698,-8.50116689991132,21.9131565847206,-8.10546039031497,-1.09520025168416,-0.632687630301266,6.99282006030884,-0.624400212167461,-0.296414215679287
"759","2010-03",2.56796841017785,8.12606795853695,11.5654884824785,-0.429561776671049,18.4278350515464,1.69230070858263,9.22382930741999,1.80017221155994,3.411299831108,-0.768811689243898,16.5450163417671,10.6092281715819,7.32034282091053,3.57407114014406,-5.63324077035645,10.0964357073991,16.2239846826918,0.63723582680364,-0.906670958438991,7.70978145044306,13.7025233215109,-0.656919722643362,4.65977383403256
"760","2010-04",-0.198614830765242,0.594974693249993,-6.06927472015791,0.927599983343476,-7.60143012591327,-5.2663637971829,-4.55800552484969,-6.12798077040592,-8.63391009146983,-5.13970496803324,-33.5244678721654,-3.99549162519647,-3.33318189977909,-24.9522340834434,5.87540950639756,-1.1385867387935,-0.920107369072338,1.73781642748475,-0.735014386443034,-13.2047099127778,-4.97582712300319,-2.26581497109236,1.88854458646483
"761","2010-05",-4.07639650749041,3.51915762238844,10.1641043145153,-0.468106035442246,9.48855989232841,3.36824332046917,8.14545931808815,0.440515770848641,-0.057898346243357,-1.09302635470444,-8.24626696566876,-2.70852461176496,6.429442696261,0.449608688107253,17.7763715512336,6.0885069471514,9.68835790793336,-3.05648912237942,10.0602328107223,10.6989123902147,10.326447324562,3.38598780249502,0.939227267639282
"762","2010-06",4.90981103506927,-2.4714910595627,4.8234190946997,0.281704923585433,-4.8939766441303,1.18589405938567,0.822202791314687,0.810552075403009,-1.62602997834584,0.141457216658381,7.4801368823694,4.3825569718394,4.65242679809275,2.48523093716461,-3.50111083501785,-3.8711636083911,10.7791527327698,19.3332307949322,0.21009311818011,9.35502672809705,3.46892858893872,-6.95350919789468,5.27750109731864
"763","2010-07",6.57213657501245,-0.18737433628152,-24.4925509487314,1.47460984317538,0.468535422893608,-31.371018303003,8.23110135191367,-5.33443885409745,-3.08626446507799,-2.9408747085718,-24.7845693244486,8.12278913297494,-17.7339623611292,-0.220895007859774,14.8194085008916,-3.13851682397042,10.5333735190426,-9.61172161633382,-1.25501378877236,-6.81946179314498,-2.51767327039213,2.68167055023193,2.53646624949188
"764","2010-08",0.97083089444627,2.9942198611123,12.538098899788,-2.43186191852442,1.95384739084988,-2.29720010804055,1.12499661413976,-0.493656874703401,-2.31732210069261,-7.67370531923684,-6.22767898245693,-10.4313902476154,35.9795617229197,-3.59424024710098,1.24060808082001,-9.63323827827605,1.72830761319553,0.327941227047752,7.3861439531427,0.5686566170164,13.6325906097102,2.7829603573963,-0.250242041441274
"765","2010-09",-1.18703797509222,-13.8349488426542,7.44795413006549,6.86048051567291,7.27917981072555,5.19004774434895,8.70493735613122,4.21085643076845,7.14225319788862,8.68550879453743,-12.3981520702858,3.30661689031546,3.05919214057623,3.28897186971897,7.677302018817,0.71880093060194,-4.2422385748269,10.0898373442415,4.29094358687321,0.929317433205752,1.76434888290956,-2.9047965610452,0.18275586142553
"766","2010-10",2.36260106220627,14.2883924478908,-7.70254031021252,4.88041153138506,0.51459236933029,-0.0201984392250533,12.6241843969988,0.540414567373475,-3.40353092376721,0.866210525130586,13.2125451042651,4.61391045690113,7.21715234194943,-4.45015265577422,22.0216490451441,2.06030149560387,9.77624032924406,-2.51571957368074,6.12340883501149,2.32008636528539,2.84495952425254,-0.404669279112006,2.43288440895421
"767","2010-11",1.56135544782193,-0.494177009210497,6.11480587059387,-2.60882664133996,1.58706940686024,2.14758802604294,-8.7617022147077,1.6920565233083,15.1634513264008,3.46818993697794,-13.6083292496784,-12.8536589682658,-5.49506461031236,3.78060276857895,-1.84360396168248,-0.24566415083346,4.70588208506806,-6.6525896084293,1.40450623346857,11.1006676274521,7.75573669917627,-0.717769976744128,-1.04343618370447
"768","2010-12",-5.90948880578203,2.03358908300035,0.515382301107519,-1.92378466989251,-3.23974082073434,-1.4371260007712,7.96583886467979,1.42866504224711,1.88445966830673,-2.88195427611318,-17.5816100168238,11.8642190711878,-34.1242672924582,1.34659708407418,2.46733885215879,-3.07509263110991,21.660914102282,-4.40863686432998,0.398343756139035,49.8961588132825,7.0378219643481,-4.55601268999524,8.41912317471356
"769","2011-01",5.92872441068092,-0.511457771903937,1.34617812525675,9.80240434209687,9.41220238095238,-0.0811164159393689,24.8063024865214,4.29421353411617,4.32386730989207,-0.368937413440875,28.8904860416354,20.8124959713484,7.44087512689441,1.41317704886151,3.46998444387536,7.91777238235649,5.54364559353505,40.2851977897003,-25.7846756584634,-50.0649875222396,-14.7456478932969,8.56169292264602,-4.05317883360087
"770","2011-02",6.70216580029124,0.812905732552762,5.30665588292558,-1.53941117619879,-3.61781706902414,-0.253433675754723,-10.7634001940636,-1.54707161583602,1.06882019793673,1.95153600405817,7.5443167615782,-11.7861211226478,22.9674270439277,-0.602433031210316,17.8226870538348,4.06641149831426,3.00206300482358,-9.49663157599276,-0.161123411951276,-4.618701392105,-2.28818283639224,4.47082492292931,-1.96293081616366
"771","2011-03",-8.56796206292036,-5.8309533067975,-4.52935889294416,-4.48543972300565,2.66704296902561,-0.92864704790453,12.6744004460118,-4.21294735618402,-5.11542126166241,-4.92312572911565,-0.944868285263506,-4.71240353107285,-6.37525763114434,-6.46210059977575,-3.28461293414425,-0.648527627869058,-4.44622066731931,2.12450461960893,-0.0674135729816887,1.78166769512003,-1.85806023319697,-11.3875065089199,0.112848493098654
"772","2011-04",-1.68873288808852,-0.499623971388327,-5.12272992603588,-2.14510925769007,-1.17517696378256,8.0754929266251,3.3809275584985,-0.956265144831267,-17.8836852073712,2.69482791159876,25.2373778333623,-0.438114304910666,6.27344663702031,4.15992445276581,2.32414125045723,-5.78170506675297,3.50295368600251,-0.591583215141983,3.19890020300993,-7.17306239989187,-0.00124945548955998,-3.12638987538904,4.07036920998724
"773","2011-05",7.61497667496617,15.7429146104575,3.56039800121697,10.2491131894521,1.78720445062587,-4.8097141115831,5.19642221727094,5.33288626594674,0.472800358383878,-1.69760073765852,-11.7407358536979,-0.45878192236825,-3.7272953147113,-0.59059661556007,0.665458588635461,19.9157370720194,5.63176547536471,-0.694526933165563,1.8313198787299,-6.86941460010258,11.5484388288878,5.58357429558624,1.32655601946699
"774","2011-06",-12.9977421709262,-19.8907064766338,-3.18573611665561,-15.2569459030347,-4.08553665368586,-5.70049626035417,-9.28827515210021,-12.5004131759402,-0.71158724324715,-1.5145627708091,-14.2649157401099,-4.20382000934879,23.7384930564523,0.53377507672421,9.5419997975321,-25.5522767580035,-15.560581549682,-9.60577729163947,-0.472750755909247,-2.48513846290869,-15.4021283928246,-1.44600849490405,-9.32927349986896
"775","2011-07",7.95198129008676,4.32995816063194,-1.92673388870717,15.5364655137993,2.26511859819076,2.22392547624363,-0.23044314287725,6.4553008791609,5.51806585510906,1.54851444591009,4.34124933156307,-1.92801834562556,-34.3686574479622,-3.91261152946494,-10.4388721261476,27.0146750468048,19.4304203593264,0.0731269791422449,4.36054649152486,2.21246397567218,1.02095965296793,-3.7345108549401,4.61484998668426
"776","2011-08",4.55346218911912,5.72207494851498,10.7139333888941,-2.42136957807613,-3.67764853381626,0.417346171195097,14.6806688127867,0.814543262078567,0.135151455897482,-0.24704520726265,6.97619579439288,10.5532481633157,-5.55945896069643,0.819117344269556,7.01649974743044,-4.47397633967129,-2.37926465958098,-6.31519428416644,-8.82263852220009,-6.39756382063739,1.0078075028758,3.80905793922182,1.06524848292404
"777","2011-09",3.44729832141637,-0.0724294020908401,-7.21691498209134,1.1415693276794,-3.65174633017572,0.939712160618834,0.811336445099643,0.935105328032461,-0.924107194137168,-0.276641025793326,-3.29498498451491,-6.51209032056446,-3.21577801516079,-1.01377968603987,3.1426399293971,-5.91283799821467,11.7835680835175,2.66721207874807,10.3974823074449,-1.12733709512507,1.66948284152444,-1.49543729398083,-2.10426463760223
"778","2011-10",-5.13797347792269,0.557876745320574,8.0328362404609,-2.43443591426168,1.04323026118283,-5.80468371511527,1.66744180886944,-2.49446801451495,0.830700559404073,4.74845625078222,-36.5453052851907,1.5273173490683,1.21100779474987,-4.20301767006454,-5.56172074242183,-1.89693603643467,2.76083093616616,-0.970375873803689,-2.07172306797414,-7.89181193791915,1.95288819686553,-3.15152839266154,-2.32119519553019
"779","2011-11",9.5782692241882,0.968880124958922,-1.077710228626,-0.855385762809271,6.68498848696427,2.93121866290565,11.4033074197969,0.508212230062377,5.44331888374018,-3.23187025929033,56.2145608602532,16.3745579177814,4.8731051695947,-0.462995868764779,-2.63035048731141,3.89662386455284,15.5089428619197,1.42968800067723,-1.25326005447033,-3.20354049939588,3.17044973577332,-0.938689152350917,0.955688572787144
"780","2011-12",-1.64903010598772,77.1789373190828,0.825188295040691,6.84043073451333,1.86590545150736,4.72052726364896,-2.10367149714111,1.77518683273746,-9.33884387642716,-0.809833625790449,0.868850432982908,-24.5121054444156,-0.67423407210066,-1.76790890231228,6.54636781852624,0.0364778632061398,-6.51658411313991,3.06715585161226,3.5813682274312,21.4968567121375,6.4668132699977,3.91157205080758,-4.94844567366258
"781","2012-01",-4.0570040972464,-53.7646703568857,0.255735343989906,-5.53265727620896,-8.3384594354453,-2.61337965520652,-4.30998342770075,-4.77684951072703,-4.56885456885456,1.6283030205406,-18.9907604876006,90.1744692483594,10.1203504582034,-5.49921883776302,-9.16970629165425,3.54233377674757,-12.913477147533,12.1164250099238,-14.7816726976808,-38.6277411779396,-2.38859889559679,-1.01387758506529,4.56976647788217
"782","2012-02",-5.93674487148346,-1.1245364053074,0.673283086114804,-2.21533716260331,29.1999105212139,-6.7043860671362,-2.98479004341279,-5.00115603283651,0.591123070815031,-2.07908139345034,-34.2463742112376,-26.302074422008,-2.89904347120359,-5.64311190465222,-7.26218337366427,-2.28965600775429,-19.6414013470983,-13.2852284376406,2.55444869211906,-9.75430220904044,0.118637042643068,-11.7863804730056,-4.48279945187714
"783","2012-03",6.82688853396462,18.0565571413032,-2.71920082829905,7.09212005779572,-28.3719051191782,5.25602405600775,1.46694472242122,4.03254691893389,0.66345485186601,4.40562880280602,9.34764353071348,-7.44041186254765,0.153918061637362,-9.2354502716497,3.66692447488553,-0.981410807319354,12.9316625503606,9.76881880440568,10.7797643015801,5.68058023017698,-3.4356973101477,8.26942958072095,6.93218984465084
"784","2012-04",-7.89820926839625,-8.77479184696449,5.89830913192711,-5.30259991106297,4.73773265651438,-13.5796764809421,-0.635638225805776,-2.2012243257977,-0.383997809283178,-0.241310781194128,-11.2447092581691,3.07990532824928,4.57770970655986,13.4633946142996,-2.90370187778117,0.804696177148501,4.41607612638638,-8.55774562245581,-5.42946591086384,9.93208934653886,-0.867035347153625,-6.68382541725622,-11.4439852923846
"785","2012-05",2.99065756470127,-9.54376368677328,-8.3090266099747,-0.92946179240707,7.77752134779598,6.76542848104097,-0.120909427069684,-0.84090085090201,0.870293200717242,1.74657907133731,3.08884015721287,-1.2064284713993,-2.21423721895677,-0.603738888348795,3.13669292254828,-6.72770979151567,2.6415059331819,7.59010347635786,-0.968825858275281,8.590455180271,-5.86633864138525,0.945785961637125,1.27210620187427
"786","2012-06",-4.11780079602756,16.9681672307436,13.2862908249315,-1.65796787211308,-10.5281941470378,-3.04935566775609,17.4364539617821,0.650801044505221,-2.62303814089462,-0.676306343454204,0.792549026231662,2.27341226870248,-1.60868789369839,-5.71245262455761,-3.56659859892808,10.331248709214,-1.29995297453569,53.5605536778423,-4.02804266234919,-9.88756238040333,-2.07974630103052,3.26408858886742,3.5843009234584
"787","2012-07",-1.12262849805224,1.29324656423282,-25.7355669164398,-2.44659909086345,41.1886717191863,-7.34889625472101,-5.58716990108152,-6.80938192361412,-5.31742346662936,2.81627275421101,1.57775025585645,-5.58754926071256,-25.1614272494312,-3.22494723852907,3.13672531437613,-6.45820069926717,-6.25279088450008,-54.9893242429127,-3.54996920497786,1.04312497135014,9.82849173552226,-3.73145201827254,-1.41918496226552
"788","2012-08",2.65705097074145,-12.1530476937697,15.3127924543686,2.23288299414419,-21.3187930839643,28.9932907266001,-9.06118275170878,4.95959519405855,4.82940232031655,-5.8546490368207,5.93543907214474,-3.28516203056662,18.6117489118487,3.15337701212251,2.07543045973214,1.6969885159536,9.38164460332903,10.2456148048238,0.398723745139017,-0.546843474596538,6.4849793597708,-5.93381909886472,-2.9705556399322
"789","2012-09",-3.31181465749271,7.12252461726975,4.33638620047174,2.46005407862966,8.34470377019749,-33.5788026722089,5.68716596789008,-1.84715732471043,-4.21857377217267,9.98151567372285,-4.31071996773643,-0.986164557006587,3.89438281296156,-0.882218523535601,2.00424566487501,4.43720030428068,-8.90296339586398,-8.45318857826412,-1.53751324981796,5.19699888421138,42.4632128161658,-1.41241118930121,1.69591498701238
"790","2012-10",-1.67519680238959,1.05055892096838,1.56562855939707,-5.85550383096627,-1.24610591900311,0.733274196184545,-9.26924738751788,-3.90356462660984,-0.411467567657982,0.558687814985269,10.6263850032465,-0.795816914376739,1.83629855693549,-0.305883726295184,-1.70255863881874,-4.57290753213799,8.54857003016406,-29.7018093892559,-2.6895531038143,-2.37437757717942,-51.8755073182615,-0.0894353890445267,-3.06433609886885
"791","2012-11",-2.406760101835,-0.351446171376073,-9.63370700005884,2.39574841361906,2.63776092355192,12.0381529292196,2.87382966057556,0.48204776531149,-2.24319785018475,-0.31544546479922,-15.8308590458245,12.1056121305476,6.48281499732805,-3.93240626813725,-5.30719617407726,1.91828619167604,-5.70671620053758,35.7839607493958,5.38569111511427,-4.33955819359417,26.3707823358066,2.65850642316051,3.39382833915931
"792","2012-12",-6.36083061677128,-5.46033588420433,1.70684764829419,-3.00275542836126,-18.754904525242,4.79128078527505,4.89856413261768,-2.37175060944872,8.178763117565,-6.26691416005913,21.9163529512723,19.1923326892234,26.2967162654912,-0.0836707380068307,4.42687203611674,19.7300895656577,0.254566799470412,46.1710844583741,-10.1913029582333,-4.91129865424495,-7.22252825113056,-1.79222434784524,7.53108461814467
"793","2013-01",26.026114473461,6.13842756482408,-2.10250589863014,-4.90289095160568,15.2205408886027,4.94509562369419,-2.93681994940779,-1.46068385745273,-11.910781897187,7.60103149367413,-13.0105216127786,-16.8954023915586,-42.0571982977261,-5.86525911207778,-3.72154024634758,-23.6997903203521,-9.07749666425063,-39.0210771918059,16.499468468778,2.87509980980045,3.24696455426783,3.44255198905719,-13.3802481742456
"794","2013-02",-18.4133877727284,-0.104129763264051,-7.11102114880808,3.92899185257084,-1.43904994760741,-0.177053809941787,6.36947913172132,1.51254153603346,6.66003187584288,0.705293463732806,13.6879784484855,-1.8005862962742,26.3168818728211,0.0982297243402705,-5.32102544012211,4.58020630454374,6.45019891088504,13.693746823124,3.39833431388683,1.61044978621406,-1.33364392160197,1.49223183219887,3.69963181671473
"795","2013-03",-0.407242066302248,3.71577484238798,7.10469661680693,3.2843829137246,4.94719682472181,5.41545894724991,-5.0232071599553,3.5786279764774,-4.6315704066316,-0.18265614224955,-10.7249376895784,9.67057867422961,7.41736788567102,3.60819018289593,9.00662563300505,0.437544336957329,-2.71431782050346,4.48261344006285,-6.77348762509804,-6.15233103736088,7.67105320341901,1.41488967374406,-2.78094520481427
"796","2013-04",5.88184772008007,-4.97684412838954,-2.51425510303279,-0.117895589357989,-1.41149456338218,-4.93187449076161,2.14874097728,-2.36583804166413,1.51579604106403,1.65276497349669,5.58011054356214,-5.37333072947712,-9.65432562692779,0.353645383012642,-10.9525809089402,-2.18803624237116,-5.98820024190882,-2.23523684592155,5.06959489231069,6.13382844223018,0.0150697633689714,7.46689762674327,5.43596394317764
"797","2013-05",-0.863339747034657,-1.60964848656256,5.29069755610015,-4.72131308411722,-2.00712426359776,0.535413865018072,-0.48827968162479,-0.345437162583724,-1.0622546897043,1.51801004925484,-14.27926634562,4.68337362603952,7.52297238871566,4.08712973457442,2.85067509254135,-4.01837082304378,9.71402771782934,-8.90453593587115,-3.17594150184837,5.66787353831446,-2.54461877424056,-2.04199389909511,0.931909112800712
"798","2013-06",0.226542037622549,1.45939975854835,-0.102988713722237,7.44660739453253,8.3047885354771,2.83634522168274,1.46301160762165,3.78876121378212,3.54286521017893,3.3196249130832,10.4734361655948,-2.20160197993632,-27.1308128253913,1.09599999811387,18.8282459477821,5.08341900084786,10.8166666354594,7.74347612938472,11.2621725535466,16.9127276561284,3.2743493473663,13.9680100754771,-2.92362522732443
"799","2013-07",5.22481620271182,-2.98010779199828,11.2870698557211,-4.6048313423697,-1.97508552249402,2.81500634395092,0.417300875397762,-0.858662235457801,1.62117204330398,-0.831234322450936,8.04635479945019,0.191641551144051,37.5294898321501,-4.13881258483527,-11.269606565432,-8.2492071198446,-8.55984658482358,-3.19165557637689,-1.11465262592745,-2.32747351191021,-6.49953921156994,-14.4456530419934,2.80322421840277
"800","2013-08",-4.972245470967,-2.30161616474654,-15.6424095618036,2.80228331663083,-0.855995259103188,-2.37711683912168,3.74918004494518,0.744620197771801,-2.35875005031464,-3.71477197135495,-9.19286028462595,7.18025584397307,5.92001622067241,3.12038919107931,-2.96223237334058,1.9731060383133,-4.32798523618475,3.35637137335836,-5.00734596265994,-0.0979504475267361,-9.73187687961802,4.05343869952181,3.82995798465644
"801","2013-09",-4.24167085835181,4.36259157121565,14.8250625814071,-0.496145695793042,2.75619313276218,-2.2839962040558,-5.30480700442262,0.425594486074874,2.3360312203702,6.21180096385037,7.36940335921041,3.44276083597062,1.72430179290105,-2.11193121315582,4.51921359482557,4.38812027323101,24.9118174479522,-1.74222220135133,1.53027057191907,0.767607833401286,25.1301457587859,1.35742843872377,0.33025663923184
"802","2013-10",8.14341180841251,-2.07927720162268,-2.96783866300378,1.44773286304875,1.05351602895553,8.06041675439166,3.09832865173958,2.75377106537718,1.70195909927088,-3.99457906700785,3.95539131070261,-1.607861621689,8.2225199689871,-0.699802446716711,5.76346249547217,5.69248897543085,2.37238182343909,4.15876239594209,4.88847422247814,6.64151523644213,0.78816727204828,0.335249658842772,-1.70345185369926
"803","2013-11",-6.85202277263888,-1.11788375845464,2.58490475820114,1.14471826200602,3.22353693636073,-0.920061626468848,-1.86297673951175,-0.978679745042407,-1.83257306196817,3.77824902927147,16.5851177814251,-3.18992625370697,-7.6149879577254,0.416574126921408,16.153070936911,-1.08685825654855,-10.8571857852358,27.0562984641187,-4.22363450730735,-0.773147831546717,-2.45069334053627,-3.07963423339929,2.04940705442807
"804","2013-12",7.0407764173327,4.89060502458421,2.73768005616943,-2.75810180110944,-5.24196046843051,0.598833947720773,-8.33766005030249,0.387281451823176,7.36088228371608,2.75125954473196,-6.12764993156487,4.88002916913985,0.572797844392366,1.47753070721486,-8.95150077912614,-2.87775493187522,-4.93550810666131,55.3453761169365,0.00841163231821118,-0.0956301880276962,10.2593639489162,-7.57990321184626,1.75971308082288
"805","2014-01",-3.57759194060688,-0.35237905218517,-0.983429242498118,-0.115790850966727,4.78650362911135,-2.77868493594658,-0.00982761578870164,-3.40188004772487,-12.2072520685746,-2.22242138048676,2.67515353367186,3.44087993287841,2.7493253602796,-2.77446034192588,1.98352393157391,-1.52261596259223,9.31004286200923,-60.6872045727199,5.59474712248094,3.03716154671362,1.21685028798206,7.78611078996557,1.09024659728168
"806","2014-02",24.3920331695299,2.83629027644114,-0.306073770508305,0.986388790940973,4.25585023400936,9.34641981469249,14.9218316734495,4.31958013854406,4.24223398638718,-3.59739963307752,-2.58567747213214,5.38825203521748,6.08055133007446,3.49745360275522,10.1361967123616,5.19317816102098,1.5625930133443,30.8639718755694,24.5042782224602,3.94933338813087,-4.04952251691943,2.39809363998603,2.47131330271291
"807","2014-03",-26.3904206859753,-0.941371034401006,2.97272067226315,0.336926019787618,-1.9572634225175,-3.65572634154587,-3.53995086335102,-1.62659317458744,3.38106058532045,7.94012508523301,9.54885672802067,5.18798281618416,-1.23001716349366,0.961445333410109,-3.40669607466157,-1.20877604060881,0.198532443819951,-14.6170672299537,-3.0644676357843,4.07371115300021,-5.57585640666102,3.51321575771699,1.57843033263013
"808","2014-04",4.62664688604523,1.90560819139174,3.47979058619569,-0.385345560174465,-1.52014652014653,19.0977670695127,2.17984040990699,3.35191565776932,0.871908267570573,1.25308839471831,-20.9862117493536,-9.22758850285603,12.8632497656418,-1.87824270809988,-1.24819703799512,-0.073803885036219,2.73901847867852,8.43562273169074,-13.0817198138316,2.61447808731087,-1.3444022636313,2.58270489854639,-2.84702836399936
"809","2014-05",-1.85692929574699,-3.74124704453062,-5.16744812610215,4.54673463195518,-4.50685016427996,-9.39201485287845,-0.820782906743451,-1.45854280001925,-3.47455124208316,-0.288352904307658,21.6806036697516,4.89486325196317,-6.06927544252934,-0.27422991163248,-0.396986860446665,10.7086233105419,1.67782326931413,3.77901339115363,-5.60069918193991,-1.1607523743201,2.58706314549399,-5.29433027793195,-0.579881713248959
"810","2014-06",-1.12401890685811,-5.99669922980792,8.77200068305679,-7.56022791665656,-3.00571280186964,1.9644589031466,2.43677401210763,-2.05916466588139,2.53007051016176,-2.55745556312167,5.23924997225749,-0.12735181224109,-32.6144370618589,3.90878765135639,-4.07278989434978,-12.4833579549855,-4.3743545348697,-10.7498993818396,-2.25589790156288,2.66730392811932,5.1003736434167,-5.08958437505247,3.58805148808669
"811","2014-07",-0.73829054460982,4.75439696447569,13.3107530548955,6.48009522296622,-1.00394886553778,-2.845803985083,2.10658916723127,3.14109029928761,-2.57705979097034,2.60948972235014,-3.61725003938953,2.19600957368396,59.6700108887219,0.812576664900939,16.7487912252547,7.20799089828356,10.1719312447019,4.87178382249306,3.69562853721171,9.34790376767516,-1.28814933301708,13.3479114197399,-1.8439923418419
"812","2014-08",-0.109923121762402,-2.94948628157232,-13.7632306590102,0.330821960991953,7.45047664120073,2.78651112893753,4.31619247877214,0.189267451046153,0.0850884238901048,-0.146534461825451,-9.49811428729206,3.44408237036434,4.66583247345326,0.408515638512248,-12.1499189639532,4.59773029935229,-4.22958910825578,0.921334111725856,1.07806022845136,-3.16260783930884,-0.0546155656511668,-2.49731241799627,4.59040770650398
"813","2014-09",2.27607427045766,2.19870761196804,5.32110269871108,-2.00917676566444,-7.1666771534638,1.08160501076193,-0.708550262194756,-0.883249146468967,1.00591031823221,-0.770205216428867,16.170651326022,-2.72865543597819,-0.332446473144105,-4.09166318913146,4.64047742410415,-4.61489500048039,-2.45244863243743,-4.2626145913509,-1.18500816258537,-1.43844552027012,-4.27101349968236,6.16871904480504,-5.24873393196599
"814","2014-10",11.9537237743335,-3.69445103456193,-1.26456093330347,3.91222358284915,7.46916090551715,11.9863757712274,6.31069950928338,5.04870595474886,2.27055417143626,5.72002439099994,2.4564146746141,4.57629840001919,-4.1438808630214,8.17331545332724,-8.21042750757525,-2.52166749475868,7.14925746097322,9.70090449709048,8.40614158198428,7.96639318323985,11.5606707637647,3.1377628063865,2.318908319279
"815","2014-11",-14.1871238015468,-0.376659707991928,3.12742376002474,-1.14281373066811,0.971241170534816,-5.8770550281401,11.5781609545461,-2.72001633788568,-1.47417073780962,-0.0188318867945157,-11.7971991193162,-0.33511313276975,2.70590394941802,-0.715057138021465,16.1841911674273,1.77908616529962,1.95250435400405,5.91329594403767,-7.63130605991011,4.52318210664426,-10.3368874982293,-0.642941219120609,1.33173970094552
"816","2014-12",-6.45848566510454,7.47429827775674,-2.48476022308664,-2.27048809361615,1.26171143035603,-1.97863012297767,-34.8026772726498,-3.1999999831018,-1.43341151941621,-2.07752625913534,40.2315805898575,-0.365295606860156,15.1204773150089,-5.22385264803088,-7.94628555370938,28.3361722216823,-2.72929016885508,76.5457520133523,1.90762855893722,-2.23397011581568,-2.1773660428952,2.33228174193449,-2.46319733716136
"817","2015-01",14.5027493499241,0.302465963676008,6.47449268787313,3.20826919980274,3.48507278559091,8.15788397333,16.3290647156992,6.16256954654811,5.63465267325659,1.21326209337634,-27.5696883269545,3.43694905457512,-8.94412634583096,9.25054683513389,18.9068777140862,-28.8412648158704,9.68243154216998,-49.4303738963546,4.27176672199687,2.8765233169499,-1.77030210892952,-2.19204575852697,6.65265305608013
"818","2015-02",-4.59323263184464,-1.75770251233773,6.07719333155932,1.16885378950235,-8.26727066817667,5.0543442499509,-9.73504017048564,0.924599259718663,-1.32983332156679,-0.836438999094211,11.2868396194956,7.87593579742956,6.52419984552246,0.64066724133902,-10.1780111643353,0.330636329431399,-22.8615371460814,12.5739170680796,1.99705239512678,3.29418978943822,6.20790500664281,1.49801030699636,2.10471696946405
"819","2015-03",3.6320638201184,3.30978659700142,-0.449995164241885,-0.226705661864445,10.8057179987005,5.75361769882119,25.8928243698195,0.990175144745667,0.898937796366524,1.31118636090444,1.06575540521583,-12.5297923278949,7.48573026006755,1.03108610976817,1.18271894676332,5.83500563369976,29.0699425247886,-17.9281830941949,0.431930769942602,3.14585744747797,4.792655382314,3.56675884598985,-0.543812128192778
"820","2015-04",0.798876346762113,-1.95766404527163,-0.400378438504036,-0.00073519576151813,1.1845423092711,-11.6030563108857,-10.2058445615466,1.11736912417802,0.970222861158205,-0.521738247862436,4.09572781123478,11.2615804122062,-4.40123070520029,9.94959439305269,10.4178540532911,-2.20597922781862,-2.19092049489325,7.65977656856934,-3.01968985403191,-1.18650049038188,0.660272859977117,-3.56754681006666,0.482024342670666
"821","2015-05",-3.47198805678516,-1.83894079293606,-0.944523257294716,-3.94580304531399,-8.24688496088091,3.69280336979415,-7.29389160412216,-3.88081206274212,-6.449203187251,1.43102570796775,4.42865620366918,-8.36317567191008,2.16493278321676,-9.21988273767982,-4.7368988785435,-4.19367476959022,-2.22944299252133,0.759959289767187,7.20972912274325,5.16428950828591,2.00466569048375,1.9216278749778,-0.897134146643166
"822","2015-06",3.46638685321115,3.41737782550926,-1.41916701589714,3.97018119513936,7.97119757453259,3.26764761394535,14.8283383496158,4.78296280344826,8.23420213891336,1.66096704957165,-6.70986505764667,6.42348787385651,-33.4553024299366,2.40356481532315,1.96143505551628,2.66017610792709,-7.14284055521804,3.46825254536178,-2.13003434103004,-0.0633778764397027,-0.764819587649515,-8.46694694448851,0.354530008067475
"823","2015-07",5.0341671328748,-1.1539601380999,22.742314072071,3.85560368840296,2.25810225810226,2.09723447253038,-1.30130849221765,2.26633179467262,1.17537266375765,-2.62090677266951,-34.2777522081722,4.60863756954502,70.8906633512081,4.14146155475344,3.18421623454991,4.54934727551116,9.25181204757018,8.66299051777128,3.8063015939904,-4.74709179369451,3.14475527817382,12.9067262174513,5.05602845838705
"824","2015-08",-2.18902266388918,2.55738451949053,-7.03441369815143,0.207635489163063,6.81922196796338,1.8098672212784,-0.121983116284392,1.00652067965144,-1.83419340363472,4.40532206694148,56.2485952521249,-6.22264146820773,1.58195594055241,-3.25050824334093,1.4785715030295,-4.79256545937655,-3.12525265506527,6.0026663064172,1.67041437099439,4.79573270532693,20.2412615062629,4.46169021284227,-0.0857950009896875
"825","2015-09",-1.21308756488364,-4.94493866551916,-7.29140581151916,-3.34140588268552,-3.73821765209938,0.0173393912501953,5.49562518031807,-1.94557507815431,2.84999587325169,-0.747551561400801,-5.19913996347537,5.51284067812728,1.94911104060995,1.3250456599152,0.113941032115386,1.66275350280835,12.0479613545148,-4.28415021565343,-1.48984933060902,3.49773486991158,-18.1620597778193,-5.66988657951286,-1.05539553113243
"826","2015-10",1.3868101966379,4.53499548079984,-0.54240906954918,4.52097857610793,-4.01134972738401,0.944993690402731,2.97810447914308,2.62423130664875,-1.48643810417413,-0.840446763503492,-11.6280493560394,26.89400206044,-2.71494620952882,3.82082096121819,3.71246575922332,5.63388646198779,-0.557237033087659,8.40812433281225,-1.65511481895881,0.00456073757455255,-3.06822229408595,4.69789662840738,5.12577740111492
"827","2015-11",-1.18170056115745,6.23051891412851,6.28039396373382,-1.86070333846517,4.75279661508144,2.82042325267448,-10.4793066753993,1.30285297203647,-1.95814274077323,0.65640418572639,16.2691037255893,-23.3609710158639,-0.144169214173983,6.31317037527242,1.85643108998964,-6.32198108116525,-2.05387815240165,9.6429300308612,6.05318054677828,-3.86408703094255,12.2808146829691,2.15983439639304,0.749486642099556
"828","2015-12",11.565389914379,10.0654888310758,-2.16579690385919,-0.131252301529068,1.99192165108172,-1.92604624924181,13.511047597059,1.72082734336539,2.12315853385742,2.44152896300927,30.1693515872798,9.36467493197157,-15.2908959858446,-5.76601628467372,-6.7885710667884,-1.31867757518586,-2.6143706648042,124.262341749726,6.93566533607448,-4.23784898208197,-5.24380090745095,-2.89513554580653,-2.45022393587696
"829","2016-01",-9.52399792818637,-16.8476028052583,2.6136366812475,2.28074937979622,-6.28763630445397,3.17590922815065,-7.23368204140911,-1.27515864932684,4.13800872411396,-1.6060295464707,-29.2562080230002,6.00469685205388,24.5745258051986,9.05321918657904,14.66553144773,11.4615231230558,-2.66214708735321,-73.7186713467158,-6.85245735114386,16.5983721883673,5.98218485803817,5.38895191189925,1.63636575791797
"830","2016-02",1.06497736973186,5.25140348948412,2.08019524294896,1.20599494914254,8.09887692485816,-1.0581528888989,2.14491834393018,0.547091386821683,-0.688105096785436,-2.01690132413622,-30.7458374185006,-3.30720009510156,3.62968240323568,0.0857683387153934,-2.08526174046734,1.29279794885817,15.5275886495815,19.7416756246277,3.33601149862343,-0.280107624799193,0.693717134475872,-7.91050197435676,-1.43618214216704
"831","2016-03",-1.55880444057739,-0.873675978800584,-2.62683294953444,-4.82294636570981,-10.5714132704975,-0.675382933485533,-2.11672309506686,-0.067542527035575,-1.1491401115858,0.81903728194777,42.1727509070848,-5.30219124431917,-5.17903958835308,-4.36086246005629,-0.810194642214533,-6.37063402798783,6.83234282757855,-2.16270618412056,-0.201303495225468,8.56577389722572,-1.86824832769154,3.17545491695691,-0.514182752977776
"832","2016-04",3.65265519735601,6.2493059975995,3.86831541902422,5.84782295588939,18.8933469070004,3.62306065526683,2.30903830153048,2.05213126986555,4.70447797741117,0.59028436825971,41.2319339055752,18.780037515319,-0.0868364313561816,11.7140200581206,7.94260796205281,6.29833189165456,-1.53667294019884,12.9546997734272,7.94606422153926,-12.356711544384,5.71441556091602,2.78650734406018,2.46260982671049
"833","2016-05",-1.6295503384853,1.74992894388796,11.6262108596598,-3.57620699446238,-5.24831268258285,1.40391530155689,0.959104728073952,1.17721234350043,-6.18802619270347,-1.64118819858732,14.9748689774535,3.27410734570804,-3.82161992525103,-2.95068208060323,11.200065986881,-1.09887798365389,-6.85897909788328,-4.3300581403905,0.906602249354254,4.84984944842216,3.16393468588319,5.68588401141294,1.54065553342298
"834","2016-06",5.9232640307218,0.650507531249663,-6.40826885991088,5.18681363091848,1.48309589623644,-1.62843877922696,-7.8682355587496,-0.35290862709435,0.347758887171559,-0.547559456336487,-33.7623845845179,0.823961474767021,-30.973914861579,-6.41761781665889,-15.0437539254721,2.44268918521769,35.2311273605503,7.99038570910246,6.31942762648171,1.37941196455024,-6.07203918231543,-3.01685561975595,-0.873367208229914
"835","2016-07",-3.71444431589096,-6.90385179027968,-2.560426775104,-1.70315015495914,-5.23283222460845,3.44450767334516,12.3266860542872,-1.50974487428819,-3.22394325959233,2.9780966017992,-4.77258507530824,-0.496719522925006,51.0587562331611,2.12328262780452,3.89597695080411,-4.10099220937811,-27.8581573463701,0.498491921953493,-8.33517198324996,-6.68115170140747,-1.60542949352386,1.16754215389922,0.720182978419377
"836","2016-08",1.18100839425379,7.73258271074437,1.77976101192599,-2.37001890949744,-0.939641830643392,-3.79561060931993,-2.12682466324455,-0.464227249406529,1.79883585863446,-1.02054499054445,-2.83314589612946,-1.00482634067769,2.73151133538166,-0.543925580821936,-0.291478837155096,6.6417626363445,-7.75125646077478,-8.98127713347724,1.0510087079703,3.41625362237812,3.55591343086556,-3.52176837058299,-9.24785236004901
"837","2016-09",8.38338360643793,-2.10076180430375,-1.96232201366466,5.30615454006584,4.49726593014174,6.70297418561134,1.81731785977213,3.915380862752,5.3818415644346,2.50481312828264,-2.78132622800296,3.985346014238,-3.11270589353134,4.65299639842104,-3.75050856964161,-7.48924455759412,38.962005962081,10.1036842880102,4.45758310215179,5.27663704093532,5.77055719643518,7.45904002509752,12.6518858865145
"838","2016-10",-6.82484948700406,3.45822307240348,4.01132802601888,-5.82033088547119,4.06877402819306,-2.49500893595032,0.924303317313324,-3.18370593072113,-2.97314597129748,1.63049841177856,6.45209098440703,-3.02071929937173,1.39740603084399,1.16768504592162,10.3627561049676,2.39753045077482,-19.1535257417161,-7.91929858651419,-5.38682795487395,2.80012176502962,-4.62264079584463,-4.35009450558674,2.50180017631838
"839","2016-11",1.48511910993106,-1.63614317231411,-1.31587187033973,-2.49048329839356,-10.3181118522319,2.61385096168601,-2.03833814272344,0.511840222122844,5.2197073856455,-2.07853329423028,5.05529636200131,4.25215356289032,-6.03610168155996,-1.70285085022652,-12.2395775583056,-0.954573472662044,0.834793215503915,4.50209269094625,8.99292659058453,2.01115410681376,2.1439128730692,2.20599434916502,-8.30313553915018
"840","2016-12",14.1103421163889,12.9881381726796,5.67378914708729,8.91760843919267,20.8650380456548,0.804245867079289,0.086372018457714,6.19226304721237,0.686163636257105,1.66938645998027,-2.98295243392782,14.3906711251026,-26.4750232371901,5.97018736442563,11.9017062318833,11.0231751801903,-0.0512781743524222,79.5116629500908,8.34197178055947,3.33017226878572,4.93583128327726,13.0351449282455,15.4168796385262
"841","2017-01",-10.3487123128066,-13.2997442058598,-0.813638651912302,0.974432897579491,-7.5925399981066,-2.70658689684669,3.42484812458397,-1.47515917847398,-0.793225862771344,-2.72983670924772,7.05632483458312,-16.498288110099,35.9967881669328,-1.70316559652571,4.85861963892801,2.99914707395433,9.19955934244029,-42.0181217700056,-8.86325331886398,-4.55034275609149,-15.3432756238534,-6.20944921807812,-7.95632092624729
"842","2017-02",3.23704905227407,4.10601053972014,-0.114564028300714,-2.56478324343847,-1.63405388792132,-0.942241664158955,-0.167327516536144,-0.131749399522334,-0.245795373884676,0.0846875377836168,4.26130301321258,9.8014091851842,-5.97331232065714,3.46192866015076,7.5187674157235,-13.4022757646805,-8.33317501748779,1.76419504215839,5.89544872909586,1.19634898001817,37.8293002069446,4.48959082918675,0.641040133370866
"843","2017-03",1.18614632995938,-4.32154752638128,-0.780366945628024,-0.0952775722618519,-0.723845232515755,2.17495896246,6.31645746553238,0.859220564078851,1.91769382762512,2.88442686902865,26.4246172669273,-0.677726002876988,0.710297694283758,2.79074540205386,1.62630477030545,1.67793548151823,0.327894430687881,2.92486399150654,4.55847923141046,2.57701187562373,-11.4485369873852,-5.74839832611714,-3.08363124934188
"844","2017-04",-12.2047313027049,2.74601971615548,0.541087817187144,-0.61396335446405,1.90411246328159,2.71576604716596,1.63314743015689,-0.861924421525509,-1.31960832963088,-17.5795231454641,-16.0418217993498,-0.518382301594823,0.727849070422498,-6.71706448272661,-1.22652961528925,-0.51350704687609,4.8234571504469,-1.16408944659987,0.535356995382858,-0.788482855985975,-4.88060549969155,1.78013991061918,-2.92464703000913
"845","2017-05",14.862830037483,-1.30152843174952,7.95127186958877,4.53375907254792,4.72538220003089,0.73391537116101,-1.35224938979225,3.69881100750607,2.44120639449895,3.40455512181764,-3.25726253839694,14.3891537362699,-2.63844957262854,3.26297046750525,-0.727628970323332,7.09218078827913,-3.17499634070656,6.88305833292178,-0.0454811246137477,1.00648258846027,3.60436140746296,0.646621903987084,0.166563600548945
"846","2017-06",-2.76319924705264,0.34787931729363,-7.71527167526659,-6.15492083636816,-9.1914475301057,-2.70922139657237,11.8310272632074,-3.2943606636967,-4.1770121634503,4.10981734697305,1.81230554623125,-8.75907799435215,-29.0269925817537,1.72085200746924,13.6536514772574,-1.04154154579379,-2.18024884878766,-8.67312990825058,-0.517915678039912,-1.87641176879784,2.74043395963706,4.3586485595788,6.13650934550755
"847","2017-07",-3.96605655115053,-1.15613927996628,-1.20042389628267,2.80896073198076,3.30175913396482,0.200841110024898,-10.9277767651868,-0.406612431115717,1.07934881670728,-0.436840208185859,1.55548690383319,4.23170791982006,46.113737777738,-4.54434017237224,-19.0894802240722,2.48851997865688,8.33715177024452,2.59862247843251,-0.646085670936731,0.52473819503087,0.884185453371085,-4.49403739823232,-0.902326891743791
"848","2017-08",6.73448260391871,-8.06063866582897,-3.9021589867384,0.0554703816396773,-23.4634529735394,4.64699988563085,2.97070077128206,1.33001725406569,1.80681356111992,1.99351208373109,-1.51082039169547,4.17338613366249,-6.42753849917577,8.48362065253384,23.1308906515428,-0.609000440856583,0.703997270888609,-6.46507930639205,4.16148780366286,0.7480691463242,-8.22480459530273,5.5767904568048,-2.10961671180865
"849","2017-09",-2.88729756366123,12.3473667926508,5.34517130447125,1.58390334243478,8.4411583487369,2.94121894606051,-3.29864948661814,1.63362464077679,2.50062226132661,2.1113553591784,6.81535700486952,1.97177735768774,2.02836874765674,-0.0518160043941443,11.6440070232408,5.61599791252122,-5.26483467248304,13.3452052695891,0.855775786478977,1.29252749111116,6.61774597883872,-0.30152281925908,4.53111136132203
"850","2017-10",2.18246036930981,-1.04571106114844,-2.28880033005446,-5.40852405781798,20.0505050505051,0.84458648668074,3.78127454790244,-1.72466937331544,0.394178803571321,-4.1328566085293,-2.625136990428,-0.00756818233210835,-2.01182998479822,-4.6924357783173,-8.1507218368409,-6.94300996898724,3.50674008699483,1.78770350062757,-1.94483606319975,-0.36985808537561,-3.81525205386699,4.58476110893847,-2.41437756149901
"851","2017-11",8.01591668609204,0.218642182048526,-2.81142106177656,6.3242547256836,-3.13420277660917,3.762845347794,2.55771401922396,3.3946866245184,0.904514133033331,-0.725131386916331,-4.8707512717475,8.52943867589145,-4.79275946230936,0.7490591988833,8.39699539022569,7.73354053932922,-5.78870557284274,2.12630892349195,-1.36681379536505,3.05432044901744,0.860321255864296,2.21054448004685,-2.55536419141556
"852","2017-12",-1.6366349748017,-1.40161292564317,2.14032872294402,1.40456453475672,2.10640608034745,-2.68534072950569,4.34281938864548,-2.44359046783533,2.44449028057284,0.117905377323359,2.99983426528757,1.13469539983926,-19.8414185939663,-1.05984044872598,1.12395693560499,-6.50180677860644,17.443769679477,2.06127125823924,6.36533546965103,-1.7779541382641,3.88169065468666,-1.98911780759195,8.94977836040062
"853","2018-01",-1.98156181966256,3.47394162636417,10.1955127828262,5.76700955140951,0.903870693321983,2.99683139465264,-2.65161583844724,3.50830568669172,-3.38306995777284,0.683758914434209,19.9599337329186,-2.29270768235924,35.3179982374288,-2.4246260132625,-18.6350943939949,7.69708527604877,-6.80474042150734,4.27201148605895,-1.1391961918332,-9.69554811272196,15.3585319740758,-3.15574013928059,-9.78015916909865
"854","2018-02",-0.504729447721313,-3.92606736211873,-7.05233774264116,-2.27936998133506,-3.1404784487301,-1.84814838038888,0.689387400679325,-0.845346980081738,-0.076034491498217,4.78631500044311,3.13684485933904,2.21541099547781,-0.44330620430833,1.53595172541949,-4.38903517045763,-2.80238742721178,-2.34200608214428,-6.45827596852292,-0.897017281137194,15.9062754908048,-10.396121111156,-2.27696714734974,2.78078410358589
"855","2018-03",-6.93199615220615,3.77633831629196,1.10162493978452,-1.82582894772017,-2.10532042215211,-1.49172560400743,-6.8583673132517,3.7419761791935,1.56637507327412,-4.44091186201183,16.1582219530419,6.06424057026801,-4.67492161792859,1.68828364296141,45.5196429187913,-2.24460889455465,-4.87281585963981,8.13589541938086,2.61849377516731,-2.00981301807606,-4.41245336051282,12.5786302364326,3.53227877127536
"856","2018-04",-3.64058356669426,-2.39327420007806,-2.39473886754771,-6.64652600615096,8.81355932203391,-3.77434607637462,-0.150064789553289,-6.39959920789753,1.73090263325842,-1.88814066750181,-18.2591071787647,-0.140552083402095,-6.91307734128576,-0.723006912972084,-7.3963753144992,-3.25298218854411,1.89204695890656,-5.97019431636322,1.25976843763538,10.1270300601149,5.31766886303505,-6.08765993185471,-4.69688073680583
"857","2018-05",9.17666000869058,6.22654351387415,4.45050439321653,-0.426077640758246,-0.219600633266941,4.89152630717184,-1.67380883226045,2.68512404865719,1.52197868138821,1.23486313021882,-5.06873127084353,-0.10630047207811,8.04179416853165,-3.16202619054605,-0.0961396615973931,-1.92552291507066,7.04162832533617,-2.8450720388351,-2.09079738529131,-12.7018112708133,-1.21892764562967,1.96852145896845,3.2203063850977
"858","2018-06",3.72529337491539,0.171393241180948,-0.179183021242593,7.70188642301843,-2.47210564029073,1.06682778858409,11.0158116511977,6.3188678727315,-0.0274040321540705,-1.25703549968657,13.009063317032,5.76557362505064,-15.4327410668726,0.670197943907037,6.44752801533842,14.906440388736,-0.0648036192207378,8.44740441342588,5.79651171384046,6.76083777233279,1.9207790588921,-2.38370774984149,76.8388900982796
"859","2018-07",2.43464486241411,1.14265354181745,1.92109347914217,2.57872992109297,-4.89635266334294,3.59410569827361,-9.34371031719046,-2.45665984837383,0.700338075709623,0.726171103855202,-16.9911359763267,-3.59968975142951,19.7496306686172,1.64038997770121,-2.82044250231116,-5.05999563754394,-7.31347905462269,-7.54409447248417,6.4907444276425,3.61963785239336,0.549915533210685,7.86825385751606,-71.439651744115
"860","2018-08",22.8607973639473,26.4945699126892,19.6520927715722,15.7754333043961,10.4679395210242,33.3279459999172,31.6089324991232,23.1919085814059,26.7384017592177,27.4025315320683,41.032625671561,19.4413778818621,-5.23569146374007,16.2877013538278,29.4130491953019,16.3049541770153,14.1775154864182,19.4488612558665,40.6745794862942,14.728905541467,28.4786754081741,9.30755640945182,60.1512284512638
"861","2018-09",-56.9800991467865,-47.8914831297982,-39.5663398463754,-41.474146243588,-31.440131874719,-39.7805231981431,-38.5699119019226,-40.2538526484127,-32.9342351296262,-32.0539818365844,-38.6288662085618,-32.0242684910728,3.96234831114756,-30.1174836665635,-31.635438377997,-40.9049582677167,-17.9711840710022,-28.4432380276385,-53.3551952800684,-30.4865841963241,-51.5869484750719,-15.9394091662579,-19.1851681425715
"862","2018-10",40.2958383662061,14.7096584377328,4.70238431405729,17.5148600925147,27.4025500910747,6.77467682600666,-0.576968271998995,12.9121193724917,7.14227404881664,12.9218239765233,23.79998142756,5.39727309057241,-11.4327816506367,12.2355679939485,10.5335201255675,20.5011012203058,-0.544807302339036,-4.59927916950442,22.9678869127362,-2.1201985224624,32.0547255961269,-6.82448224314386,7.24596431642479
"863","2018-11",7.51588420365544,6.40394222470426,1.18407133807929,7.13921886463924,-0.995081779709498,0.0329458536116644,28.6391533792172,6.13644951354528,0.97349126436648,-1.17863386360284,-8.4461138070385,-1.9165884187221,9.10527097783161,5.16015174579947,9.80228808724775,-2.03065373997606,9.99730012111424,16.4560827125835,8.38341234915234,4.44748534705187,11.580286125072,-2.63556059083394,10.5802825515958
"864","2018-12",-7.93846909863335,-5.33653930052538,-10.7739475265274,4.48195989807276,0,6.19473358337507,-23.1370362653187,-2.28335198848633,-7.8718859557475,-1.47824031703128,-3.53728670730258,-1.52839580480044,3.6257404067978,7.79237239207745,5.56131682679965,6.79860891405497,-8.69539822055415,14.1727514017767,0.62358814261566,5.27298260201645,-21.7721158931581,3.5116980600957,-9.5377113571729
