"","FREQUENCY","TIME","BEL","CHE","DEU","DNK","FIN","ITA"
"98","M","1955-02",16.52104887,-0.929513777,-8.02099407,-12.22147579,9.090359596,-13.02745063
"99","M","1955-03",-9.421856608,2.917363504,-9.979882786,-17.76770757,-6.468457358,-0.138196493
"100","M","1955-04",4.746141869,27.19817762,19.94328799,-10.99810827,24.2879956,30.64560495
"101","M","1955-05",43.64268521,7.179720055,10.89459241,4.146702579,25.42572126,9.826830808
"102","M","1955-06",-13.09924468,-0.318852349,-6.176003014,-23.73738243,27.57993335,7.862532101
"103","M","1955-07",32.2292508,15.7355406,14.93793224,31.11348595,-3.271982183,6.325868858
"104","M","1955-08",-8.368742739,-9.178452403,-5.247879708,-1.15474675,-6.212263363,3.244875515
"105","M","1955-09",4.417906857,-3.369592063,9.560540102,-9.311106174,-0.468297438,8.373439323
"106","M","1955-10",-17.29506629,-4.629602666,9.740700584,41.67314029,-9.978127171,1.877349
"107","M","1955-11",16.7274647,7.226327808,-3.025480863,-10.47180244,-3.697346131,12.63637371
"108","M","1955-12",-2.291476328,14.45545589,0.77529206,7.184809628,7.482533666,4.050938989
"109","M","1956-01",-2.356876916,-0.479066554,4.939438403,11.48742911,-1.440519029,-12.14218474
"110","M","1956-02",-14.83579067,-27.07911094,-26.78463571,-29.36413702,5.568948907,1.013006724
"111","M","1956-03",17.35444893,18.87785813,38.48852959,-12.31219479,-3.325005761,2.864314392
"112","M","1956-04",-7.031415577,-19.12232568,-15.9373512,18.47241719,16.16713793,-11.05322854
"113","M","1956-05",2.195788013,16.74492107,7.659745862,11.72655545,3.654674399,3.375831142
"114","M","1956-06",12.27113728,22.0724911,12.07224649,-4.832035217,-19.962903,6.610670903
"115","M","1956-07",2.542199136,-3.942312724,-3.33428328,31.47325356,-11.95742866,-3.32304094
"116","M","1956-08",-12.47053913,0.727781589,-3.522856603,-13.22326138,8.425699762,-6.774280947
"117","M","1956-09",9.232282531,0.452302099,3.064661224,16.24709831,25.56580854,15.6569609
"118","M","1956-10",7.006782818,1.755907122,-6.914240456,-14.55471332,38.54057664,5.477417045
"119","M","1956-11",-28.45498643,-14.51964735,4.417820678,-9.626974568,-0.121580974,-22.06187826
"120","M","1956-12",-15.885526,3.636612797,1.975061394,22.11469012,12.86683356,13.44401394
"121","M","1957-01",-8.494961061,-2.510124037,-2.802491141,-16.09799479,-7.038973964,-17.79272026
"122","M","1957-02",51.08421837,0.335954207,7.552947645,23.86684792,-2.606374696,17.40455812
"123","M","1957-03",10.58720148,5.307374064,-3.826217144,-17.73272889,0.807211253,-0.184356734
"124","M","1957-04",3.88928292,5.398588732,7.22383311,2.372218908,1.394223612,-3.558418763
"125","M","1957-05",-8.099138471,-0.399937091,-3.50187016,-11.08877618,-19.86343485,-0.835450133
"126","M","1957-06",5.809569115,-2.277725163,2.902380645,44.60187762,-0.144500654,-1.565091852
"127","M","1957-07",-7.383740425,-4.409410518,-9.229935319,-24.95905473,-8.842625691,2.132456047
"128","M","1957-08",13.53560303,-3.130747981,17.24982879,12.73170689,-58.92124698,10.11758096
"129","M","1957-09",-10.46190063,3.172315274,-5.191697662,14.83023381,8.421690768,-4.649618743
"130","M","1957-10",6.136450827,3.856030822,4.375313993,-19.73733908,15.27152579,18.8089579
"131","M","1957-11",0.530446478,4.610235813,5.932963673,18.22454994,30.63378176,-2.246387041
"132","M","1957-12",3.253554322,-4.520748121,1.688870437,29.53908057,-26.93747664,-11.88745128
"133","M","1958-01",8.464840102,7.959718312,3.848803879,-24.08108693,27.81125556,21.17569627
"134","M","1958-02",-10.29730354,1.219975627,-5.470285863,0.845324217,50.12872041,-1.256132107
"135","M","1958-03",-9.208480454,-1.018992791,1.333217133,-11.12097734,-15.36202416,-10.9941443
"136","M","1958-04",7.105592234,-9.933477796,0.652181049,-8.66395265,-11.44734339,1.099424477
"137","M","1958-05",0.845922215,5.611342822,13.36968284,3.23136258,-26.69560138,2.099972527
"138","M","1958-06",-7.167307876,-4.314312744,-6.325936172,8.773479978,50.10432113,-5.469246665
"139","M","1958-07",6.581463746,-1.181046833,5.85617846,-7.899542166,5.423853308,0.12865283
"140","M","1958-08",4.338371571,2.890678981,3.52622399,36.87329586,-8.685630507,-9.551523895
"141","M","1958-09",1.038930807,3.754765157,-3.040101363,-13.86828969,-15.40534596,5.715279824
"142","M","1958-10",-5.725882479,-7.640766855,1.510874637,10.54692807,1.122274872,-10.7252372
"143","M","1958-11",-6.163384303,6.551356173,-1.230051923,23.65187526,4.630979417,6.796000631
"144","M","1958-12",4.747069538,-0.240394031,0.905434517,-2.407350671,14.11345757,3.982162915
"145","M","1959-01",20.73831683,-4.215997243,0.957921208,2.462605546,11.15019154,21.33183887
"146","M","1959-02",-16.71110164,27.25703336,7.492545782,7.766154259,50.7759798,-3.652432302
"147","M","1959-03",8.381736793,-18.12189007,7.187062126,-23.21254733,-21.56779621,-19.75901915
"148","M","1959-04",0.375775298,17.78715812,-4.038044599,37.75049208,-3.470785927,35.80699045
"149","M","1959-05",7.990398269,-0.314624943,-1.07213997,-1.819469966,3.451726746,-8.048767497
"150","M","1959-06",2.171620947,-3.884792947,5.668265052,-14.7135488,14.36947243,20.44498663
"151","M","1959-07",-7.247315097,7.986606865,1.626361136,10.94486693,-2.072171965,-21.99178974
"152","M","1959-08",-1.75449285,-0.171055866,-13.12146323,2.361573078,7.940629208,45.16103299
"153","M","1959-09",3.214654811,-0.818321546,20.41316517,15.17385205,-0.952601642,-32.36560975
"154","M","1959-10",18.80995348,7.699553804,14.75785235,1.230144198,-26.8196071,37.67827731
"155","M","1959-11",-12.74801765,0.496121455,-4.49304062,7.947962604,-6.623315992,6.249602184
"156","M","1959-12",4.768735902,-3.262746866,1.485216722,-6.880116154,-16.63583137,3.038413666
"157","M","1960-01",-2.862179085,15.78306737,-1.700741257,2.829199936,-12.67311126,-9.679565653
"158","M","1960-02",26.60254575,-13.60824193,-2.100044457,-15.46119727,-10.54742043,4.562356547
"159","M","1960-03",-5.179886536,1.913604539,-2.099425748,28.1027443,57.7876809,13.46942637
"160","M","1960-04",0.719392745,21.39702644,7.533266078,16.70128098,62.08419452,5.968571906
"161","M","1960-05",3.387923533,-7.980680322,8.776635469,-16.82933676,-8.909384634,7.13073911
"162","M","1960-06",-5.27199399,-13.0854603,-14.27370178,-0.841773213,-3.777138415,0.649090932
"163","M","1960-07",2.093337241,18.13443897,6.231770601,-3.82068833,6.573908951,9.544437159
"164","M","1960-08",0.686810935,30.82931121,0.537244587,-11.49882853,2.75945119,9.895323691
"165","M","1960-09",-0.43760241,-22.38676448,2.178157893,2.952267734,-6.033492892,-20.07905626
"166","M","1960-10",7.600723851,11.42949231,-0.580307233,39.45640516,-2.827900558,3.660285663
"167","M","1960-11",7.123377732,-0.808139067,-1.188523815,-19.30445384,-0.161240383,-1.265391301
"168","M","1960-12",-0.376193281,39.32731457,6.976552501,1.671681541,13.02862292,12.17637668
"169","M","1961-01",-4.142307836,-14.25508484,4.012409404,19.70951805,-2.797733323,0.854568254
"170","M","1961-02",25.40479505,-3.954047608,1.218274137,0.817731878,-8.828017915,1.862087916
"171","M","1961-03",-18.4920969,6.627509675,-1.415466935,7.753429446,9.221330161,10.98503831
"172","M","1961-04",-11.56539521,-20.60490251,-15.8788136,-39.71280432,3.129937001,-5.95632748
"173","M","1961-05",-4.327019407,0.85289585,11.73159706,26.92112595,0.448697261,4.028215948
"174","M","1961-06",2.776670292,9.427353997,8.633076668,8.892590837,-12.29119354,-12.09810648
"175","M","1961-07",3.183468969,-0.986813033,-7.773206916,8.452539983,-1.476006183,15.15618418
"176","M","1961-08",3.923088672,-2.437006734,6.652330596,-1.420138792,6.072933701,1.224367467
"177","M","1961-09",1.802737162,5.707703356,10.37141917,3.197996909,49.72154027,6.859599816
"178","M","1961-10",-4.825532461,-3.265392355,0.52344591,4.095606494,-26.2270398,2.122595856
"179","M","1961-11",0.563760982,7.567461066,1.909056636,5.10899508,2.60452135,5.547302733
"180","M","1961-12",3.521513957,6.435849929,3.285135021,-2.294908821,27.2483191,-0.686074497
"181","M","1962-01",22.09979714,6.99916765,-2.561733234,1.947162791,-11.13603601,-3.841725979
"182","M","1962-02",-18.47304462,-0.268233606,-0.206957901,9.796821035,0.530368572,6.990773032
"183","M","1962-03",1.546721626,-1.407701016,-9.560881306,62.07284244,19.41733368,3.560500048
"184","M","1962-04",4.6328427,-5.619619003,9.494292449,-45.59961615,-10.46139314,-1.988031991
"185","M","1962-05",1.087781752,7.022177448,-0.901935557,30.90014328,6.85157919,3.120780548
"186","M","1962-06",1.297319638,-3.816624201,3.099500339,24.31007395,-3.455588691,1.205424234
"187","M","1962-07",4.898335223,-2.528854137,-1.066071362,33.49390551,11.29296396,-14.97821031
"188","M","1962-08",-10.20184442,7.980458964,5.453518965,-65.29944114,2.095534911,19.39720422
"189","M","1962-09",9.285605947,-0.204180347,-5.399296613,-0.138802595,16.14655549,10.13771237
"190","M","1962-10",3.531015602,-4.738232849,-0.328241716,-3.552772513,11.69284158,-1.699451665
"191","M","1962-11",-4.645472715,-0.0337596,1.295298424,5.426505882,-5.511603052,15.29121541
"192","M","1962-12",0.916343737,-1.434987968,-4.196178715,18.66647207,-6.896909735,13.29702988
"193","M","1963-01",-0.413181694,0.130617913,-4.37461459,-15.7468172,-2.210683598,-4.216887757
"194","M","1963-02",-11.00435931,-12.01451275,-7.526790592,-7.589735124,21.54536072,-2.761598591
"195","M","1963-03",12.57780084,19.11367678,24.98004223,-9.706780629,-27.19612143,1.179690571
"196","M","1963-04",19.27704739,-0.646132293,-0.609147271,43.88001174,12.80300371,1.496290595
"197","M","1963-05",1.347829445,14.70897353,8.397055781,6.834747861,8.025017938,6.149591165
"198","M","1963-06",-5.099245591,-11.7114009,-13.34287786,-18.14306446,17.16801605,7.069268232
"199","M","1963-07",15.56232198,5.241752027,16.83894214,17.75666515,2.34372414,0.699496279
"200","M","1963-08",-10.81749576,-0.194921011,-17.11103674,5.02780886,-3.466199987,4.515006142
"201","M","1963-09",3.516780745,-5.242521536,4.186068518,10.71889979,11.03974563,-2.399286941
"202","M","1963-10",0.613307458,2.701845554,1.276764871,-7.389646682,-26.00218254,17.13578375
"203","M","1963-11",6.636371138,2.383454023,4.373766632,-2.465280178,13.64082878,-5.778008582
"204","M","1963-12",0.358438477,-8.011640357,-4.348646208,8.462508591,-20.34533213,-4.594882465
"205","M","1964-01",-2.18397402,12.92347769,4.260728508,-1.165241034,3.651252345,-0.889570429
"206","M","1964-02",5.639085849,0.325923886,0.061059463,9.187822087,43.52786075,5.777285794
"207","M","1964-03",-0.213987337,-7.991371429,1.790657905,-12.66650123,8.34778536,-9.301295423
"208","M","1964-04",-5.251467738,10.25358882,-2.366990579,20.47496918,32.98584128,-20.36970683
"209","M","1964-05",0.019281635,-6.867989407,0.101663611,-9.018160141,-18.24266092,-14.52621666
"210","M","1964-06",7.232774076,0.658241138,6.763374105,3.770805311,6.429555166,9.134983311
"211","M","1964-07",-1.0107508,2.109764712,3.446561262,2.851390119,2.321829016,-4.007928573
"212","M","1964-08",2.382576369,-4.533137991,-4.376325146,0.368512464,34.94505925,6.513634355
"213","M","1964-09",-0.579393756,2.238200084,-3.359219854,-2.890938091,-19.63988761,-3.111776997
"214","M","1964-10",-6.277691414,-1.838867897,-0.389182322,6.999439686,9.116019891,8.980882831
"215","M","1964-11",3.858911833,-2.988981519,-1.10731531,31.00476146,-9.837269955,-0.262588311
"216","M","1964-12",2.463826598,14.75889099,5.903405865,-24.77132491,-9.043868896,-1.257185409
"217","M","1965-01",5.316198501,-8.829647349,2.938730567,3.74629852,7.709566815,9.649736889
"218","M","1965-02",0.169680513,-3.370630828,1.174433506,1.085745739,1.010673272,-0.589568431
"219","M","1965-03",5.208509438,5.041965637,-9.063811079,63.62778457,-13.83946918,-0.61927849
"220","M","1965-04",1.888687364,8.410287398,21.24512863,-65.45257069,1.465793246,9.974120374
"221","M","1965-05",-0.814935199,-4.680816325,-3.805792114,-9.19819439,21.11812545,1.166489398
"222","M","1965-06",-4.982063402,1.915582809,-3.894624403,13.42970525,37.48396593,-4.368500675
"223","M","1965-07",-0.708059641,0.613627114,2.132622798,-12.15634188,-20.57518037,3.583898817
"224","M","1965-08",8.470482191,0.503298669,2.919678964,36.22545223,-1.216768367,-7.407187066
"225","M","1965-09",-5.084926952,2.487150532,1.429913942,4.435900217,2.646363454,-0.605141965
"226","M","1965-10",8.467366221,-0.517166055,7.049365172,9.374786665,28.2429551,5.471053606
"227","M","1965-11",9.67399262,-0.795116234,-3.88596269,-5.493868556,1.926363598,-7.931125039
"228","M","1965-12",6.438823047,0.940003928,-0.881228582,2.818053987,-4.530926612,-4.357447247
"229","M","1966-01",-18.795536,-4.798422772,5.754375911,3.323450801,-20.18829645,24.76121376
"230","M","1966-02",-11.14411973,8.683053082,-5.673879168,-7.733822629,-18.86741211,-7.961687041
"231","M","1966-03",10.43156933,1.423506115,2.713718551,22.58351424,29.03690298,7.223077125
"232","M","1966-04",-5.012854321,-9.897347994,-9.382398899,-19.75529102,-25.21977255,-5.134042695
"233","M","1966-05",2.557941254,8.267529051,0.537997373,20.73377888,9.735004488,8.768949772
"234","M","1966-06",8.521612657,-0.755401425,-2.877259973,19.81508055,-37.49533804,-69.07121566
"235","M","1966-07",-4.133112335,-6.241072643,2.768287166,8.819615336,69.89725439,412.531824
"236","M","1966-08",7.862449116,1.470023864,1.308954236,-5.094089136,-0.174396124,-28.97228134
"237","M","1966-09",-3.536682796,9.884029424,1.497112286,4.350643749,-51.55522299,0.794354049
"238","M","1966-10",3.067951199,4.297824938,-7.587629243,-13.44028194,64.55125139,-6.807974769
"239","M","1966-11",-2.537460539,-6.358883125,-1.699745882,-4.49462805,3.26006933,-2.525871016
"240","M","1966-12",5.861994826,5.208636025,-2.528030418,12.75579997,41.12914489,-1.277842111
"241","M","1967-01",-5.440659473,-2.50472163,-7.507116087,-9.485727167,-44.97864254,17.9303579
"242","M","1967-02",6.221313566,-0.892113032,0.831336608,-1.941702788,20.34319603,2.843288819
"243","M","1967-03",-4.343807316,1.024106026,1.938333393,1.766876,7.722238308,-3.196760004
"244","M","1967-04",-4.012928328,-0.031190672,1.049937623,9.845284927,3.996955363,-1.718719054
"245","M","1967-05",-0.974035828,2.438168872,-1.104794502,4.300660411,-13.09915499,-7.311277429
"246","M","1967-06",-1.146930252,0.39066047,6.061976684,-15.06378789,-6.933554488,7.205415719
"247","M","1967-07",2.370678045,-16.5755802,-4.549736489,-13.59253281,13.63845558,-0.145415188
"248","M","1967-08",-2.427503063,14.54167167,8.34077003,6.098288237,-13.58245266,-6.36288311
"249","M","1967-09",5.726723465,4.114189737,-1.013036058,-5.359089761,-4.487892883,7.752136239
"250","M","1967-10",0.001282103,-2.790893223,0.814304805,7.903466105,29.24873342,-3.976048417
"251","M","1967-11",-1.627087187,3.348619348,2.821996923,7.43768131,-47.84811647,-6.516283572
"252","M","1967-12",1.012742509,3.155800695,19.37062138,-8.274347156,65.56044554,-16.98079124
"253","M","1968-01",8.01742259,-9.769397509,-39.72588276,-4.855350116,-60.0416025,30.63001789
"254","M","1968-02",-2.041065194,5.577089395,19.86965096,10.88638427,-5.46930577,-6.665959007
"255","M","1968-03",-2.01316305,5.997088631,6.534088589,68.69955866,45.19261361,6.351398209
"256","M","1968-04",15.33768816,3.039299521,10.47797442,-84.9687452,85.40684043,2.090209661
"257","M","1968-05",3.411930326,15.73092318,2.741799478,186.4099539,-22.11366519,3.009577801
"258","M","1968-06",-11.53900619,-18.60148602,-14.80704263,10.52753128,-5.061914098,-4.035642651
"259","M","1968-07",7.397948743,5.766030791,9.563388504,14.9128221,-19.89161682,-4.695245647
"260","M","1968-08",-6.556058273,1.215191851,5.627917617,-2.455139657,64.20554425,2.837088855
"261","M","1968-09",-2.329692393,-6.572754393,2.377272928,15.98945291,-56.72535697,-15.23822895
"262","M","1968-10",0.884867021,7.362825369,3.110906004,-0.182078119,134.6124812,13.14170747
"263","M","1968-11",0.720982979,0.32376805,-0.577935116,1.739598678,-37.37886506,15.57574356
"264","M","1968-12",0.230638176,-11.34063899,-1.349829856,7.914521847,88.93223609,1.232588384
"265","M","1969-01",4.984760307,95.32872594,7.182761084,2.992633952,-44.43417,-9.375420169
"266","M","1969-02",3.825744799,-26.11745149,3.203576124,-3.598746815,72.73259164,5.872673701
"267","M","1969-03",7.879011687,-25.80468404,1.073861602,22.87347076,14.54297235,1.364172677
"268","M","1969-04",2.921435873,-10.73411499,0.839542286,-3.282906659,8.22897881,1.224046378
"269","M","1969-05",-1.020301373,7.978666353,3.103935766,-3.872429503,-8.09082469,3.904546634
"270","M","1969-06",11.41521661,0.794839652,-2.294384445,3.495691166,21.6052039,-3.501611312
"271","M","1969-07",-10.24358515,14.13614733,12.48997173,-1.854248103,-10.26050718,-4.745841773
"272","M","1969-08",2.386216421,2.091048944,-10.65692293,-5.971747184,-4.955279888,14.4797984
"273","M","1969-09",1.350105626,41.48984302,9.0955097,-3.830334014,-10.59100221,-33.06496328
"274","M","1969-10",-2.004864635,-3.436939726,4.250863823,9.109609283,1.316905433,41.41152698
"275","M","1969-11",-6.44450938,7.96523329,5.37180623,-11.17205815,6.448268724,-21.50288878
"276","M","1969-12",-13.64462932,-17.91861879,-1.85507391,-5.760608265,3.309182758,-4.511746703
"277","M","1970-01",4.327868987,26.77759577,-4.908561178,7.748219343,-9.280042834,9.354351312
"278","M","1970-02",4.272183433,-27.91742676,0.837656604,-2.383186258,56.34776255,28.74555201
"279","M","1970-03",-5.910789276,-11.91426944,-3.683994532,-5.797359231,-22.83318361,-11.31106377
"280","M","1970-04",1.464953383,9.610911193,7.119498219,27.08306639,-7.079982103,10.79279255
"281","M","1970-05",2.515258551,-10.22520215,-3.943662606,3.888893585,14.46088803,-6.045013194
"282","M","1970-06",-0.565765525,11.04208888,9.185886178,48.93878582,-16.01564399,9.366687101
"283","M","1970-07",3.864436158,8.056840288,11.85550031,-71.30054768,-9.51172855,-3.54295677
"284","M","1970-08",8.172835548,-19.44677045,-18.74528168,65.94203549,32.7471952,5.712072092
"285","M","1970-09",-7.294892004,63.54414151,5.754729689,-0.910000864,-4.07599345,-3.725832367
"286","M","1970-10",19.61291974,5.203787431,1.212362985,-9.059077457,-34.6979242,9.998520712
"287","M","1970-11",8.091386319,2.323071292,15.05413228,10.31111748,53.00880227,0.965931636
"288","M","1970-12",23.91316025,8.221508122,2.063757687,10.17652418,-16.34767367,-4.545852938
"289","M","1971-01",-46.99600158,-33.99090925,-15.87477048,-3.975318073,15.80187952,-4.737389772
"290","M","1971-02",-15.8259013,-1.792672144,3.935192853,13.24508361,0.261330521,6.857199731
"291","M","1971-03",25.09631152,7.680728907,0.436894618,-21.22294467,-5.487717422,-3.84134217
"292","M","1971-04",-2.826165505,3.445946117,-1.204527791,8.877742147,15.83803886,1.093035356
"293","M","1971-05",4.771590352,-0.130460489,4.725642425,-3.462638201,112.5232407,-3.080263595
"294","M","1971-06",3.711419177,-0.111256506,-2.85664871,-1.87082015,-76.73557634,-7.478449667
"295","M","1971-07",-0.850416695,-0.055923678,15.53008601,8.125821471,-49.54347826,15.35159341
"296","M","1971-08",-3.822304698,5.07802327,-14.34182086,10.22850343,-13.26680104,0.048610775
"297","M","1971-09",11.20236148,0.551160473,2.94514816,-1.346073169,54.62701944,-9.254389981
"298","M","1971-10",-4.188040419,1.523586619,-0.078609507,23.54282868,-5.292764697,9.767357963
"299","M","1971-11",5.995053528,-1.894008994,-6.98981631,-12.79884742,-5.233793311,-0.212341646
"300","M","1971-12",25.7788573,-4.818864072,-21.1869924,-15.58399088,-53.01797628,-3.213791991
"301","M","1972-01",-10.0626391,9.849627184,34.35643464,-3.120762231,1069.482337,4.435183903
"302","M","1972-02",-3.725464347,0.911773942,-9.860906296,-26.49074012,-41.84762458,-3.887838255
"303","M","1972-03",-0.791610496,4.929403976,12.2202725,3.508911442,-16.88430846,4.352697624
"304","M","1972-04",-0.14942691,-11.19596642,-10.99713467,6.391128584,1.793247109,-10.3933174
"305","M","1972-05",4.072544279,2.899135639,11.7484755,-5.330908818,3.941195517,8.556175689
"306","M","1972-06",7.389188404,12.68690822,1.362453977,34.2628534,4.051265774,-3.839688762
"307","M","1972-07",-0.99077934,-12.61516809,-3.692978431,-5.506242646,-0.539940485,1.425375733
"308","M","1972-08",2.426096352,4.7254607,8.054009478,16.05267829,-4.178558102,0.049970911
"309","M","1972-09",-5.983425052,-2.905449129,-10.94777955,-6.764922914,4.841096144,8.291531842
"310","M","1972-10",4.117526195,-1.886471218,7.287645226,8.695375965,9.486031096,-8.130904935
"311","M","1972-11",3.388659651,6.310260714,1.176266051,3.272005133,4.845439835,3.313510959
"312","M","1972-12",1.329738802,4.12582822,-0.433303113,5.752193182,22.6941466,22.63192081
"313","M","1973-01",-1.127953413,5.021388093,6.082757653,-1.340464423,2.179544829,1.733897745
"314","M","1973-02",-4.47961399,-15.28186156,3.183537653,2.730722019,12.00204038,-31.50716497
"315","M","1973-03",4.323627575,6.481487797,-10.58042648,-10.82220632,-2.141743692,-4.57289021
"316","M","1973-04",-6.172481467,-7.256667617,0.622504177,-4.813073529,-22.13178148,6.260529682
"317","M","1973-05",2.090562792,7.5092552,-7.510107967,33.25628279,-17.60812051,9.628110094
"318","M","1973-06",-3.276001868,-11.41281941,1.742845687,-5.912647298,17.65979056,-0.808133851
"319","M","1973-07",2.837313753,2.055664237,-1.66631888,3.42311638,-4.184480683,17.11704214
"320","M","1973-08",4.515269322,-3.56887041,-2.975718756,-6.886230558,0.703252357,-5.814558187
"321","M","1973-09",-6.306025699,1.040272303,-1.671053419,13.26409937,51.71458467,8.212529847
"322","M","1973-10",6.950031394,-0.022449252,-4.515413925,-0.223047119,-33.36976374,-9.353437074
"323","M","1973-11",-10.21613597,-7.479787473,-3.821877638,-15.24518251,-10.27483938,-18.32220628
"324","M","1973-12",-20.33341617,1.519816624,-28.396012,-14.45343232,-17.57751258,32.15331448
"325","M","1974-01",23.72914101,-6.14715293,14.37177508,-11.38050131,-7.04838535,8.266270489
"326","M","1974-02",9.516026263,-30.85165608,5.481337013,24.64524196,-4.294325762,-21.24760257
"327","M","1974-03",-5.020096709,53.08078729,5.224317538,10.31411925,6.128539986,-11.30243468
"328","M","1974-04",5.810797861,8.26239539,6.299035456,-9.809465182,16.51884944,-5.058641772
"329","M","1974-05",-2.901295923,3.099748698,4.585670508,7.292467748,7.047082118,18.30108169
"330","M","1974-06",0.269881096,-11.29894975,-10.19517123,-49.40065266,2.465996025,10.45900586
"331","M","1974-07",1.754120224,-1.156237879,13.06315587,-8.640469255,16.64046474,-12.51263939
"332","M","1974-08",-6.373630184,-3.794583552,3.462837872,-2.184051444,10.74729646,6.79770076
"333","M","1974-09",4.006267957,1.723758829,-5.465808111,-2.367035018,-9.687086685,-4.605315847
"334","M","1974-10",-0.493642288,-4.611950926,-3.33062474,-7.840018399,0.296041818,-25.69179494
"335","M","1974-11",-1.063241505,-7.741171221,2.788619434,15.05106883,5.507514108,-4.586021444
"336","M","1974-12",-2.517988544,-3.697029703,-4.002612403,27.6740022,-19.76290399,-4.656861365
"337","M","1975-01",4.231921735,6.69129792,3.061104663,73.81865529,28.08732009,-1.136362443
"338","M","1975-02",1.914303662,5.568867438,7.079076659,-32.50834658,17.65034734,14.78349381
"339","M","1975-03",-3.767864533,-11.87027409,3.36926204,-9.002540647,10.84997346,11.99372013
"340","M","1975-04",6.894263094,-7.893385848,5.240261996,6.952197859,-15.53794897,-2.598294784
"341","M","1975-05",-3.980592452,-9.194498511,-2.246456363,3.017770537,-12.89185063,-13.25943895
"342","M","1975-06",1.688136635,58.49433611,6.600204695,20.61911426,-1.519780298,14.19082468
"343","M","1975-07",-0.166805574,-10.84855313,-1.645091797,14.70937574,5.317815654,-4.719573944
"344","M","1975-08",31.4176784,33.0157575,6.664276314,7.321360099,-7.759177202,-3.514392486
"345","M","1975-09",-14.01528103,-16.00821465,6.005667987,5.985090293,-1.782563605,-9.425081672
"346","M","1975-10",0.649829068,-26.54753752,3.255335079,12.98444689,1.294230305,20.54394666
"347","M","1975-11",5.045237536,12.69937075,-2.534199989,10.12243369,-53.63301741,-1.648932808
"348","M","1975-12",-0.423911481,15.86607171,-4.832688664,-0.928735093,24.07075953,-7.280813061
"349","M","1976-01",-0.011094607,-10.78921988,-1.393400158,0.962283351,30.23816582,22.40261242
"350","M","1976-02",-6.846751301,4.751375833,5.712488621,5.297253207,-5.93279695,7.890142565
"351","M","1976-03",8.132023461,-18.73635867,-5.311573036,1.452513217,7.505121584,-4.979848388
"352","M","1976-04",-3.076172098,21.98137502,2.993148293,-13.84157953,4.943430084,3.018289498
"353","M","1976-05",6.670650455,-2.509832478,1.714414473,-0.404416711,10.15235197,-9.457468614
"354","M","1976-06",-6.929104613,3.400313954,-6.897338724,-0.28442276,22.58895713,-19.3627945
"355","M","1976-07",9.058297424,9.600386471,-7.160554129,-7.559053115,-20.38114082,6.890430514
"356","M","1976-08",-1.366272506,-9.174350624,9.468522534,60.66723832,-7.411749475,11.84487407
"357","M","1976-09",2.277509807,4.938074024,9.25421329,-48.11791713,15.79461663,0.180506401
"358","M","1976-10",-1.794027176,1.019581746,-2.538457199,2.743536768,-2.0524233,-2.021515376
"359","M","1976-11",2.094923108,5.859213414,5.884271481,12.22354454,-11.25435263,-2.420700639
"360","M","1976-12",10.69502537,8.289598711,3.05306243,-0.147116567,-8.548856596,12.54396576
"361","M","1977-01",-10.6562662,-16.35055084,1.031336237,3.004495309,15.86723766,-4.03191262
"362","M","1977-02",2.041454999,-0.049334154,-2.123607491,6.110151241,-10.07433255,-2.905444562
"363","M","1977-03",-3.87938204,0.697403512,-0.682250123,-2.506844698,5.174877944,4.444288396
"364","M","1977-04",-2.277429737,24.68660763,-2.242291448,1.725641728,22.41268798,-3.550768072
"365","M","1977-05",17.00568652,3.795112727,1.950786751,-0.653656642,-19.903784,22.79576365
"366","M","1977-06",-13.28872974,-24.85013467,-1.724090963,5.308528339,-2.153651385,-12.71784834
"367","M","1977-07",-2.575651281,32.80653402,4.056384404,12.31765256,4.751950997,0.744287738
"368","M","1977-08",0.133858138,0.882187135,-1.613085329,34.25242878,9.327788815,-4.247100636
"369","M","1977-09",-0.542740928,-19.67137728,-0.241050107,-27.21914862,-3.985674299,5.338934916
"370","M","1977-10",10.49017458,12.01235975,0.741157786,-61.4174895,-16.7895336,-13.67154254
"371","M","1977-11",-7.865972943,8.141130103,2.311962928,56.53008963,16.69309197,5.356597631
"372","M","1977-12",8.998171127,-14.57519995,20.05531002,11.35833372,-4.988386974,3.761937453
"373","M","1978-01",4.412011395,15.05932338,-9.814318172,7.966250239,0.291838774,-2.57373644
"374","M","1978-02",-3.751841571,-10.81985602,-11.74438869,-26.79609603,10.52476269,-24.6373042
"375","M","1978-03",-9.356078316,14.0499226,4.003820856,29.79215839,-12.95492961,25.14075809
"376","M","1978-04",6.117772788,-6.540003089,-0.893659558,31.30858016,-5.678638151,10.02047013
"377","M","1978-05",-8.844536415,-11.64827388,-8.435118615,-3.986687492,-10.4850963,-1.291672499
"378","M","1978-06",5.508161939,40.68325192,21.35058207,-6.950758508,5.271857507,-5.56493628
"379","M","1978-07",-3.702339722,-2.683066213,-1.709179104,2.737369064,0.281111925,3.966365992
"380","M","1978-08",4.241537423,10.17401888,-4.642870192,8.867666747,5.855352458,0.055369252
"381","M","1978-09",-1.772980382,-6.739070115,4.88732147,49.12102529,5.602872285,6.665378348
"382","M","1978-10",-2.588007885,6.339557047,1.060754324,-59.98878531,0.352392907,19.43767848
"383","M","1978-11",8.904328331,1.357715083,-4.071695771,46.09888291,-2.877850409,-12.6260457
"384","M","1978-12",-9.827666362,-7.615326213,1.218649109,-4.534147705,7.283576072,-8.85421949
"385","M","1979-01",-13.83678116,-5.127892994,-5.16833927,-3.265295118,-1.425783155,1.147922458
"386","M","1979-02",6.785049281,2.105851183,-2.131183957,117.6816763,5.57194596,-4.0798034
"387","M","1979-03",20.8781373,4.569511747,17.56581235,-76.8593747,8.318120359,11.77718248
"388","M","1979-04",25.10832018,-7.023878308,-6.908867274,110.4044281,1.304866016,3.636595146
"389","M","1979-05",-16.699918,6.35803837,-1.343721771,8.06981121,15.42629015,2.160600095
"390","M","1979-06",-8.313245378,-9.123307235,-0.565246099,-7.650190919,-8.568996501,5.408764008
"391","M","1979-07",1.583279512,-7.867234717,-8.044151464,-6.210130652,-3.368532491,4.280488587
"392","M","1979-08",0.060580354,6.473990284,0.867271615,-3.914293201,0.802749249,3.374435396
"393","M","1979-09",4.310224892,5.351734686,-3.530083673,-1.602028877,-1.942798694,-7.172370096
"394","M","1979-10",-3.63016196,-6.654227183,-0.514776067,2.848360283,-0.936716047,2.473709184
"395","M","1979-11",-3.277384221,6.070242868,-0.263668819,-3.029093786,8.900025291,-1.32650549
"396","M","1979-12",-13.79612478,-6.962277261,-11.18497389,-1.26544435,-8.097915055,-0.218593481
"397","M","1980-01",16.46116654,11.28530054,21.95299252,-11.29508108,7.00372959,-2.030261709
"398","M","1980-02",9.849532885,0.313646057,-2.871897964,-10.34034651,-2.135466306,6.119231227
"399","M","1980-03",-3.344702281,-0.79213007,-6.028847137,-7.024708442,-3.75153898,-7.384511291
"400","M","1980-04",-12.07271912,-11.21246791,-1.620313663,-21.41702135,2.737452655,-2.959527497
"401","M","1980-05",-9.744236934,3.638123113,-3.13274703,-17.33954372,5.766089751,3.15107735
"402","M","1980-06",19.91111915,9.950458479,4.783163123,53.48993899,-9.496223806,5.085519804
"403","M","1980-07",0.002907225,-4.304755237,-0.380065478,-42.31608286,3.551740922,0.190244253
"404","M","1980-08",-5.220294435,3.084345968,8.665789888,32.18146237,-0.64370077,-3.988179366
"405","M","1980-09",-3.87281399,-2.655502774,-7.393670867,5.136627969,-2.046967081,18.58692964
"406","M","1980-10",-2.597441224,4.447262883,-2.440240433,4.422252766,-3.652674712,-2.134800055
"407","M","1980-11",1.24389473,-8.082274399,3.249833416,26.20957847,0.896361354,3.448825096
"408","M","1980-12",-4.956788615,7.438857511,-7.132062414,-3.338101207,48.16986342,0.9800502
"409","M","1981-01",2.463474326,-7.169172582,3.406191356,-6.172495199,-39.17228303,13.71127478
"410","M","1981-02",-9.842420968,12.83202402,4.258835097,-4.325782989,40.16637067,-9.014300189
"411","M","1981-03",-1.634009161,-13.47675836,-2.145091939,-32.24951912,-12.44095943,-5.569005192
"412","M","1981-04",11.81226645,-9.293133046,-2.475357631,28.05330205,1.879666221,-2.49558788
"413","M","1981-05",-1.247024521,22.97016831,-1.083167139,-2.462871479,2.495272755,9.75485597
"414","M","1981-06",4.652515642,42.91866697,-4.849132617,-13.79857619,-1.51160352,2.533213599
"415","M","1981-07",-2.785991102,-28.39570529,8.858729164,43.56480881,-4.24722083,-8.000082387
"416","M","1981-08",-4.053214291,-8.231615145,-2.501673418,-0.701077915,-5.13338559,8.980243696
"417","M","1981-09",7.764927414,5.590353941,-1.598209337,-6.536214385,-1.631919606,-0.437431769
"418","M","1981-10",-6.075835494,0.640530034,1.430583491,6.08720286,13.80599754,1.344129387
"419","M","1981-11",5.247005334,-7.166813462,3.243950225,5.162520392,-6.650445781,-2.268542775
"420","M","1981-12",-10.59612006,2.59145085,-1.725269178,3.657903511,9.931001254,6.260938276
"421","M","1982-01",-1.704384356,5.263371184,-8.846947897,-10.55470652,-0.656456725,0.27690341
"422","M","1982-02",12.38070141,-1.034015847,4.238043295,23.53309728,4.696148216,1.530715555
"423","M","1982-03",3.048574446,-1.580980223,-0.453026515,-11.77276032,-0.392850422,1.67863604
"424","M","1982-04",11.90911036,10.63262661,-1.142746195,4.099411748,2.280047313,-5.917939475
"425","M","1982-05",-14.52888328,-10.51305204,-0.607275739,-2.5039602,-8.141267186,-3.216946514
"426","M","1982-06",-17.16678744,3.188092407,-3.225354216,-44.89787125,11.04216609,-5.306474561
"427","M","1982-07",14.22461435,5.410696845,-3.455165582,164.720093,1.074371839,2.641769939
"428","M","1982-08",13.6360933,-6.94025898,2.656271049,-27.15697369,1.193040837,-1.666806716
"429","M","1982-09",-13.36211156,14.50650213,-2.542562621,-1.41133992,2.456227811,6.579519394
"430","M","1982-10",1.169050426,-17.47436738,8.31961327,-3.182632617,39.89425566,2.81161423
"431","M","1982-11",-4.048482656,-6.346242064,-6.421961041,-0.448617563,-13.87514713,-9.999730486
"432","M","1982-12",18.16509083,11.3335267,7.817070393,3.88313633,-3.389213401,6.423149954
"433","M","1983-01",-5.115034717,4.767859046,3.252011922,22.02876731,-12.02998315,-19.26409475
"434","M","1983-02",-19.71502008,-6.308714404,-1.997426996,-9.118187875,-5.031647894,0.591819834
"435","M","1983-03",20.37231302,45.8697006,11.62363456,14.45807192,0.787263839,0.662758145
"436","M","1983-04",-0.830130552,-57.53208122,-6.516282528,-20.36476754,-9.999068126,3.909405762
"437","M","1983-05",4.805749814,51.68606216,5.87864968,22.57212905,54.21531061,9.019591021
"438","M","1983-06",-7.940610191,15.48764894,14.62740806,10.40056837,-60.27752147,-13.1985498
"439","M","1983-07",2.300747505,-17.57556481,-20.91167383,5.559063207,33.63246653,0.225537984
"440","M","1983-08",1.525049966,3.437762238,5.880055596,-7.614194964,13.30386401,-19.50149842
"441","M","1983-09",-9.028975851,2.594876564,4.502571788,2.435491838,19.35283321,9.609207198
"442","M","1983-10",24.91441669,-0.253254259,-5.226116459,8.964665765,-5.582139929,3.799442342
"443","M","1983-11",-7.629334197,7.605032578,-0.158780336,3.189072255,1.553930053,7.620328268
"444","M","1983-12",2.180866573,-6.713425639,-1.020710754,1.080158339,5.700503203,-0.276137944
"445","M","1984-01",7.784730275,0.806044402,9.689235537,5.697155019,0.808637768,10.69431949
"446","M","1984-02",5.755533604,1.863898631,-0.206337612,-6.24967728,-6.549277133,-7.058768873
"447","M","1984-03",-17.64448056,3.936015115,-3.33722694,-2.273069807,13.1889145,10.50466051
"448","M","1984-04",-2.957888389,-6.389526981,-1.017484329,12.77883916,-9.985852967,-8.400826778
"449","M","1984-05",-1.816533556,15.0074646,5.562092221,-0.244744894,0.386024553,3.49313805
"450","M","1984-06",2.14232254,-26.26071633,-31.99946129,-9.301439805,6.673017026,3.664790178
"451","M","1984-07",-7.273404961,16.44712859,8.243673703,-9.739861157,-6.245405249,2.324577878
"452","M","1984-08",5.546825553,4.520238376,35.912607,1.698039348,3.537336964,-2.334760095
"453","M","1984-09",16.36649445,-0.721743175,3.447242506,1.643238633,-1.867079264,-4.969619744
"454","M","1984-10",-8.42877141,-0.680808528,-7.791445674,4.798052666,-0.25466999,-0.012276126
"455","M","1984-11",0.845607114,-1.519174627,-2.84968515,1.173927825,7.849363341,-9.426181857
"456","M","1984-12",-3.432570689,5.447980763,-7.033599815,4.516862585,-7.814347919,20.23923393
"457","M","1985-01",-4.567853118,-10.8605004,-3.260868144,-0.45254586,5.511460386,5.159711587
"458","M","1985-02",6.366512502,5.955588582,-1.16329691,1.076196931,4.506008769,0.832420959
"459","M","1985-03",5.895402461,-5.38949685,2.799188526,11.51419951,2.466407152,-3.509651742
"460","M","1985-04",-1.716303247,5.748292537,7.752094402,-7.318482564,-1.605508687,-2.448873398
"461","M","1985-05",0.140536169,5.57243295,-4.507795552,9.911492203,0.195071721,1.038700981
"462","M","1985-06",1.367208361,-4.642404234,4.187029809,-4.319151208,-1.969694982,3.521305686
"463","M","1985-07",6.513150646,0.008318,13.31566392,2.634833836,1.42613772,-9.757831277
"464","M","1985-08",-6.943149787,2.74105136,-4.75087371,5.085545349,14.81714023,7.048072609
"465","M","1985-09",-3.876714946,-2.443585447,-2.522217416,4.535962167,-13.09832868,-0.899201339
"466","M","1985-10",4.11097151,6.877935086,6.488153365,-1.343076473,0.314695087,-9.438708944
"467","M","1985-11",5.069533517,0.204016732,-0.334264764,2.335316354,1.878819212,0.484365395
"468","M","1985-12",3.21755804,-3.92454579,-14.44491159,-6.978923269,-4.274527876,1.633775924
"469","M","1986-01",-2.221709747,11.92550148,20.67482032,1.291054678,7.07602021,-11.03461355
"470","M","1986-02",19.27554725,-7.222606432,-5.696809536,7.57545039,4.077116197,4.64700777
"471","M","1986-03",-19.11620107,-5.664604267,2.439206416,51.46410416,-2.931684713,1.511202853
"472","M","1986-04",10.75702284,19.1026683,2.87747654,-36.82166518,0.513532755,19.11389946
"473","M","1986-05",-38.7427789,-2.766366964,-4.032277144,3.63071891,-2.230196033,12.2685335
"474","M","1986-06",83.01655893,-3.092978152,9.569991392,0.868108332,-1.71690767,-16.20805664
"475","M","1986-07",-15.20649382,5.436614666,-1.35963719,0.988781677,3.786635581,13.24821014
"476","M","1986-08",-1.107005369,2.425543662,13.05170125,-2.236532296,-3.659136916,-2.046158186
"477","M","1986-09",1.466454901,-2.030976674,-7.518828651,12.90475511,1.280262214,8.010284469
"478","M","1986-10",4.762760401,-9.716952791,0.400073946,-21.7763222,3.781208673,2.352516108
"479","M","1986-11",-5.863938835,2.477003023,2.843875102,-30.45490936,-8.543414959,-2.523635079
"480","M","1986-12",-2.783854381,2.858310281,12.46968963,-0.639371628,-3.334733245,-3.925323839
"481","M","1987-01",-4.090876846,-1.715037018,-39.71032833,-8.522516949,9.790844716,-1.538137174
"482","M","1987-02",4.459184817,-5.511308496,21.52213277,28.44200545,6.542646371,5.177237212
"483","M","1987-03",3.259986473,5.932111922,5.789533291,-3.200622261,-7.349551952,8.695152179
"484","M","1987-04",3.355037653,1.357006543,11.12106392,25.3014884,14.56160422,-4.099459371
"485","M","1987-05",0.041372569,-5.081060076,7.1539465,-11.63413056,-4.124376607,-8.726747192
"486","M","1987-06",-8.22387162,0.472993356,-7.113861458,-6.792637241,-5.32505485,1.587101314
"487","M","1987-07",18.1313415,11.66290056,8.140950669,-0.833035138,4.655965334,-2.353527283
"488","M","1987-08",1.829513479,-9.766138827,-1.549531768,-6.060095864,-5.309121631,9.917738286
"489","M","1987-09",0.161789559,11.46177,-0.682604594,13.76632486,10.46037734,-10.70835642
"490","M","1987-10",-3.151503815,2.253622703,1.051864165,-8.184680525,-1.695318382,4.128829049
"491","M","1987-11",-1.499641563,1.583462744,1.495213113,-2.030416453,-2.186191346,0.515952499
"492","M","1987-12",-9.586048252,-10.45170662,3.059756634,9.031246644,-3.786151158,7.451827846
"493","M","1988-01",15.29680978,6.601712503,-30.8659552,-9.826286789,15.7998027,-16.59682823
"494","M","1988-02",-6.923033364,-7.498278947,9.814113612,-13.71821159,-3.303643215,25.89462239
"495","M","1988-03",3.674234719,0.908079296,8.329796513,-11.75192618,-0.7250421,-18.50066589
"496","M","1988-04",-7.794015037,2.21918216,3.499276681,-16.22566322,-1.546607817,7.783694142
"497","M","1988-05",5.151676504,2.224820656,2.935774866,9.5821798,9.686804921,7.58160602
"498","M","1988-06",1.023721092,9.966467567,4.864555603,12.83167835,-0.043007213,-1.405749733
"499","M","1988-07",7.374784773,2.043078733,-1.883160141,0.876671663,-5.367665952,1.894063107
"500","M","1988-08",-0.33019496,-9.738764844,-2.457715115,-4.549169287,11.17085631,0.935124005
"501","M","1988-09",-5.168743043,-2.507907405,16.9143753,-12.198751,-1.462412209,3.023030747
"502","M","1988-10",-4.340827507,-5.646359656,-19.17015634,0.932218296,-8.531798149,-4.040555998
"503","M","1988-11",6.088596251,8.096881528,4.710655653,5.637893439,-3.593852327,1.060777931
"504","M","1988-12",8.367565952,36.03247056,6.173014567,4.229706963,19.18987697,23.61114329
"505","M","1989-01",-7.173082859,-32.55337698,-10.98362638,4.808976481,2.770874161,-20.48652623
"506","M","1989-02",-8.162866276,7.861014341,3.884706904,-12.31005882,9.628028403,7.828156707
"507","M","1989-03",4.839504643,12.72493574,1.737536435,-16.99417708,-26.86470056,-2.960441069
"508","M","1989-04",0.270243066,-11.73295931,3.367797958,30.10933704,2.317103575,-8.674380837
"509","M","1989-05",-1.788540668,9.832525138,-12.34083414,-16.01476726,9.637710766,3.972711878
"510","M","1989-06",9.944921492,-12.51274995,22.14954603,2.30157231,-0.573795418,4.103879755
"511","M","1989-07",-22.05496967,-2.639304059,-11.17390487,-0.964132936,-7.214969268,-10.26409699
"512","M","1989-08",66.44447014,6.329162391,5.068011236,5.198222903,6.375756967,1.025305254
"513","M","1989-09",-10.64997397,-4.530523421,-1.546132503,-0.248317632,-12.26200926,17.74754058
"514","M","1989-10",-5.802670008,18.53351503,1.766203939,5.244637791,10.40672643,4.19026831
"515","M","1989-11",-5.220986953,-7.921420784,-4.668728859,4.726293107,-2.205686911,-10.54135443
"516","M","1989-12",-6.056966923,6.600245293,4.749584588,3.447733991,-1.817656203,-16.86605932
"517","M","1990-01",3.572880672,3.755850291,0.27206683,-2.98548093,-17.21379955,110.1811099
"518","M","1990-02",6.507026089,10.51871067,-1.363670289,5.33419727,-4.727385361,-21.20716119
"519","M","1990-03",-6.881074256,-13.05292228,-0.229273945,-11.41400371,29.68793605,-12.37884864
"520","M","1990-04",3.130792217,-8.990056587,-1.270791782,5.038841509,-4.205931219,1.420297656
"521","M","1990-05",-4.39623219,-12.54458218,4.408532879,-12.12715245,-5.592455627,-8.704752587
"522","M","1990-06",-2.240991057,24.94049932,0.650211963,8.825622787,-5.627169158,-9.422373646
"523","M","1990-07",-6.277738237,-16.11203214,7.037792398,-0.276058378,-1.011472777,2.417869604
"524","M","1990-08",-0.102507255,9.192243059,4.636059032,0.469997532,-8.962115781,-4.299699219
"525","M","1990-09",63.75361379,19.84687953,-8.405060993,18.67330202,-6.1241325,-3.112276508
"526","M","1990-10",-36.98417122,-17.20862107,10.21920236,-17.84187838,0.526936012,-1.958291718
"527","M","1990-11",24.77851585,-10.66861734,-0.36530499,-4.707231456,-10.16994574,-1.9802713
"528","M","1990-12",8.977027849,34.45998543,-18.42584394,5.587009454,-5.971829412,-9.289805017
"529","M","1991-01",-25.11827851,-16.49700178,47.25482195,-8.489610407,-8.046186409,80.75506634
"530","M","1991-02",-16.35620928,-2.203316905,-13.02498583,-0.445389333,-0.486747892,-16.52198048
"531","M","1991-03",25.96732254,-0.838189162,6.758824669,27.54380668,2.970561258,1.75891194
"532","M","1991-04",0.695888325,1.303464112,-5.315081708,-15.91261916,-0.64879118,-17.25858018
"533","M","1991-05",3.619797495,5.581999151,1.143792875,17.13304664,-13.24940968,0.441294295
"534","M","1991-06",6.274795162,3.732115095,17.23599307,-1.871392899,4.962022379,-5.904774794
"535","M","1991-07",0.08920877,-21.1809492,18.83241714,-4.406499148,5.596694521,2.804741238
"536","M","1991-08",-3.697642364,39.98181281,-58.26683587,-1.877413175,-4.313880187,-6.446233942
"537","M","1991-09",1.268963885,-10.29326131,24.34671174,3.814797384,-1.442823545,-6.158002543
"538","M","1991-10",-4.199816427,-17.48318988,9.847040491,7.048806334,-5.971934506,12.73635945
"539","M","1991-11",-1.497685978,22.52941884,2.44039861,0.629085297,16.94504107,-5.682706719
"540","M","1991-12",6.536581926,-0.551899299,-19.25440811,-8.339277989,12.44292744,-8.933358679
"541","M","1992-01",-6.875389109,-13.86569414,56.1751746,11.12923667,-24.96455817,51.79149213
"542","M","1992-02",8.272562353,17.97703201,-6.373442629,2.248653861,-10.91515939,-10.7979377
"543","M","1992-03",-16.58357203,-14.5786909,-3.556199295,-14.86376801,-13.36570239,-3.693847893
"544","M","1992-04",26.78306083,9.807719679,3.898177368,9.94575268,5.98887052,24.37703313
"545","M","1992-05",32.70333348,-12.93202975,-3.084960411,-4.273119356,-6.957148823,-18.18950946
"546","M","1992-06",-46.47506207,-2.762393559,-3.575860055,-9.929255938,3.209882303,-0.058512412
"547","M","1992-07",10.44108646,5.524204371,2.274760102,8.298860941,5.605329828,-3.196355578
"548","M","1992-08",7.645429872,-1.479617914,-4.47338523,6.97309437,-5.471442587,-23.15201122
"549","M","1992-09",-5.108034932,-5.570967861,-6.079446923,-0.36940183,46.41472428,9.672559783
"550","M","1992-10",6.809078856,11.98056904,1.594466811,-13.34553489,-32.14433645,10.15894945
"551","M","1992-11",-4.23092908,-3.610061828,3.711284513,0.637141912,-20.0487447,-9.505146211
"552","M","1992-12",-14.59998072,-8.161365635,-0.469739302,-1.618985998,14.99791355,30.86043493
"553","M","1993-01",8.667569423,3.124080943,-9.297171834,9.513336603,-10.92304129,-12.86317159
"554","M","1993-02",-15.30255151,-2.720578973,-8.260009562,-21.62701096,3.678661461,-4.433479351
"555","M","1993-03",8.000080478,5.291816816,6.294627373,-25.76075331,5.459330236,-16.08492737
"556","M","1993-04",3.108627936,-7.190320497,7.985951159,49.05343151,-6.766397236,-1.294456738
"557","M","1993-05",-7.52376983,0.619729562,-11.0241899,1.222432923,5.449545929,-12.2517895
"558","M","1993-06",3.71909767,-4.404945667,-3.438416503,-2.393403338,-1.308855317,2.320105612
"559","M","1993-07",15.3311803,11.7585064,1.420333006,18.37064386,-11.55313487,-0.71137378
"560","M","1993-08",-6.030061993,-8.639225415,4.670276535,8.648615667,15.76434732,-5.092229749
"561","M","1993-09",-2.677406721,5.303327997,-4.448902491,-2.802594804,10.49685886,6.253279999
"562","M","1993-10",-2.828151749,0.539140705,-0.78681165,2.952970159,-5.51038534,-6.060872556
"563","M","1993-11",-0.56860012,-8.475910766,-9.509244391,7.723331925,4.049392639,-0.297331803
"564","M","1993-12",5.580567054,-3.039249867,3.064211025,8.532883424,8.127032307,-2.594774912
"565","M","1994-01",3.304780723,12.72581894,18.61674638,7.257240844,0.159350842,23.37282034
"566","M","1994-02",3.14326346,-3.103814189,-7.83381131,2.230036801,-4.97237924,-7.26909721
"567","M","1994-03",1.951049644,-2.042100783,2.933652585,10.77828322,3.911475138,7.674565956
"568","M","1994-04",-10.72110801,5.050903448,-5.478471108,-7.779952836,-0.040127443,-11.21130109
"569","M","1994-05",6.202122821,8.422099727,3.694663835,13.17487821,15.84162837,6.410804024
"570","M","1994-06",-8.392655909,-3.274151771,-3.631618254,30.87769959,-10.05911082,-3.249219139
"571","M","1994-07",-6.47592297,-7.312439088,-2.604748517,-19.67103133,-4.433552978,-1.790865289
"572","M","1994-08",2.144118367,4.759105016,-1.027603997,-2.623685712,2.66665999,0.795498665
"573","M","1994-09",2.805679627,0.071190418,1.783012501,4.180801305,4.131415309,4.702230138
"574","M","1994-10",7.698988556,1.298971185,-0.322978356,2.076428137,-2.273160496,-4.121951323
"575","M","1994-11",-7.059231231,-3.090282617,0.046943119,-3.232712357,-3.624344886,7.846252452
"576","M","1994-12",21.93003061,1.480191832,4.015276735,2.232016133,8.096347765,-1.023527131
"577","M","1995-01",-15.33829695,5.552904751,2.908961228,-4.694582572,12.44076153,4.571019248
"578","M","1995-02",-19.58498461,-5.647975386,-1.901334778,8.181064604,0.347131219,-5.954839643
"579","M","1995-03",9.41902756,-4.793376185,-1.54450661,-9.176338408,-2.691632357,0.898097849
"580","M","1995-04",7.96403304,6.089748425,3.914501208,-5.748442801,5.44916748,-2.589239403
"581","M","1995-05",2.102299319,2.029438652,-0.406779475,-4.38101046,2.724177191,2.977891903
"582","M","1995-06",-1.346789501,-6.597903171,1.830721983,9.056633351,-6.030526867,-0.566583208
"583","M","1995-07",-1.302922969,7.915017071,-3.157780239,-1.720917163,-6.61851712,-0.13192818
"584","M","1995-08",3.56915525,-6.724531807,-0.017304564,-0.79087718,3.152959931,4.383571087
"585","M","1995-09",3.802857782,-0.176864397,5.783251561,1.451985547,1.739843185,-0.823085552
"586","M","1995-10",-2.932392866,18.62650266,-4.19707882,0.831117636,8.887135277,-18.67877832
"587","M","1995-11",15.75069835,-15.42195093,1.278450337,4.882325844,-2.874143929,38.83599203
"588","M","1995-12",-9.691267332,-16.70340461,-1.616422817,-2.441112475,-2.140766035,-6.444857493
"589","M","1996-01",-5.930785047,45.99965434,8.670435325,-3.000204483,24.8499978,-7.033646095
"590","M","1996-02",13.99520951,-15.62608391,-1.824350067,-2.961438669,-7.168156564,-1.404023468
"591","M","1996-03",3.788198602,-2.706174391,6.879201759,17.44421907,-2.953038087,5.384437172
"592","M","1996-04",-8.356649937,10.92134735,26.17795115,-1.530852567,3.516545888,-7.837120227
"593","M","1996-05",2.515343103,-6.023563432,-22.78520515,3.898588854,-0.156285772,0.67286986
"594","M","1996-06",-0.740539694,7.443982819,1.010869874,-6.537753223,1.397813964,0.93003073
"595","M","1996-07",3.392527914,-9.076861626,-1.794475169,-3.16091954,6.005337799,-2.154836815
"596","M","1996-08",-16.94856099,-9.591518545,1.701084913,-2.899533701,-1.965950758,2.007457218
"597","M","1996-09",13.10937973,16.45405152,26.76547092,-1.571640618,-11.37776952,-5.600260389
"598","M","1996-10",-0.84246763,-12.46078436,-18.96632528,13.38596647,11.08881718,8.644042789
"599","M","1996-11",0.575080941,3.719267303,4.683460111,-7.432326709,0.157071994,2.344301833
"600","M","1996-12",2.095420029,6.972121857,-5.450382112,-11.04631508,-3.604166816,12.96823918
"601","M","1997-01",-4.674088057,-0.314395999,14.11179172,16.57007126,7.776579931,-9.606172733
"602","M","1997-02",1.174525971,-3.503033406,1.369628013,6.7568669,0.382305721,17.79418593
"603","M","1997-03",1.689676307,14.37047583,-1.060826508,1.107039243,3.618622491,4.417138776
"604","M","1997-04",-0.639192415,-8.985511671,1.740302408,0.309597523,-4.094435974,10.69222214
"605","M","1997-05",-2.540905626,-4.452607966,-9.232931575,96.55977115,-4.508959027,-0.597757662
"606","M","1997-06",8.271905716,10.24804934,16.72614658,-71.08881314,7.7436515,-0.27244899
"607","M","1997-07",-0.881071752,-13.00557284,-1.180600503,17.73744867,1.892850864,3.859513382
"608","M","1997-08",0.004876076,24.5000182,1.252134853,23.26732673,4.393614,1.348674241
"609","M","1997-09",5.887837946,-10.38204884,-8.247284782,4.545454545,-7.087602823,7.248614929
"610","M","1997-10",-6.412561257,-7.623163282,5.931738352,10.20604156,6.166281649,-0.267870976
"611","M","1997-11",3.12515966,20.52345835,-4.012977959,-2.590509388,0.459730272,-3.59814405
"612","M","1997-12",3.474318104,-30.20989792,1.649164605,-9.743005856,5.670612669,-10.69718508
"613","M","1998-01",-0.733264638,24.71431409,0.793440886,31.46512885,-4.042421998,6.905406158
"614","M","1998-02",0.939505161,16.21449959,6.456110175,-8.82111035,6.053890001,-2.756440685
"615","M","1998-03",-2.800862089,-16.45829696,6.496085754,-3.931444035,0.50957868,-9.613693205
"616","M","1998-04",11.82439713,10.4526288,-21.40162994,5.766823161,3.840463268,9.625948332
"617","M","1998-05",-2.069801962,4.828158668,14.24888975,-14.95894059,-2.09358117,-5.746300338
"618","M","1998-06",-3.933016906,-10.52840838,-0.415185042,64.26272292,3.146355495,-0.35139369
"619","M","1998-07",3.283499717,12.20514585,0.354044904,-33.2538926,1.429794834,14.95475705
"620","M","1998-08",11.46492251,3.224562579,5.363290679,10.52923907,0.112380145,-9.908192616
"621","M","1998-09",-8.812102071,-9.761307063,-2.739735655,-4.414931802,2.662048954,-0.388231152
"622","M","1998-10",6.538600653,16.83541888,7.167808442,-5.940668419,1.512512057,-5.166649856
"623","M","1998-11",2.297633544,4.062061409,-1.055292804,8.208240179,9.365873893,6.401565368
"624","M","1998-12",-8.54642554,-8.966042593,-2.435832968,-9.858323495,20.59667398,-12.46367656
"625","M","1999-01",20.14980763,3.838638722,2.168212459,4.436804191,-28.12544072,2.765664544
"626","M","1999-02",-19.95270833,-12.03367241,-6.819546713,-0.55651356,3.040297854,9.553846842
"627","M","1999-03",7.557310985,25.69819159,4.88393596,3.223772365,5.097894042,2.081137009
"628","M","1999-04",-3.303541979,-20.05102454,3.366818157,-13.53084911,9.48371172,-1.438701185
"629","M","1999-05",3.901286766,2.171467867,-4.501320633,7.532673967,-8.078128751,1.122611668
"630","M","1999-06",6.992689638,10.92285256,2.011686055,1.979141004,2.905274319,4.946941722
"631","M","1999-07",-1.666719365,3.691421858,3.043161129,0.926075052,1.539173567,-1.99303592
"632","M","1999-08",1.225550616,-7.018938483,-7.416217557,-11.49764621,-2.501758661,-11.52391542
"633","M","1999-09",-0.323392815,3.913870286,1.987448999,0.009015507,5.844217198,3.987625127
"634","M","1999-10",-1.703887801,0.68148579,-1.720134345,1.541512666,-4.513007944,4.093230875
"635","M","1999-11",-1.188626615,-7.71032787,-6.525292625,-0.559303977,-2.174806469,-3.903952579
"636","M","1999-12",1.997102444,2.750890093,8.137435564,12.63280064,-8.419217938,-1.360722868
"637","M","2000-01",7.715365947,-3.258882799,-8.889972844,-10.16962587,17.85324298,13.66196825
"638","M","2000-02",0.463872734,7.856658381,5.317663861,-2.594193947,0.220938335,-2.142317123
"639","M","2000-03",-0.384269364,3.019647312,-3.213057239,-3.976809494,-8.726114325,-0.234938909
"640","M","2000-04",4.124904578,-1.166296733,-6.317803443,-0.132075472,-1.060584777,-2.078458099
"641","M","2000-05",-1.676140304,-0.179550472,13.14318495,-6.262988853,9.833132759,1.116390639
"642","M","2000-06",-17.05307651,-16.09822397,-14.86558121,-16.46679432,-12.01147168,-11.16600472
"643","M","2000-07",9.93254409,16.83882241,7.500452508,19.15792014,-1.410651553,12.8201898
"644","M","2000-08",-4.19349428,2.329254079,-0.611247117,-12.81765718,-0.636185937,2.145544884
"645","M","2000-09",0.527255034,0.60712551,0.741332325,-2.34583672,-1.005710875,-0.082763264
"646","M","2000-10",1.648548449,-4.559888176,-6.47410438,-1.522178618,-0.16812012,-7.13082715
"647","M","2000-11",-0.539008372,-22.83853589,4.644734114,-3.707281729,-4.446899623,-0.610893899
"648","M","2000-12",0.296850427,49.7155981,3.517299181,10.73488839,27.36120423,-0.052770788
"649","M","2001-01",-1.350080004,-11.58917719,-3.405099028,-14.54133635,-32.85181812,6.308461092
"650","M","2001-02",-7.322638301,2.339797723,-0.728556143,10.86668434,7.620032543,-1.616315345
"651","M","2001-03",-0.359020205,-2.094450719,2.311508565,-2.546019603,2.689918122,1.198862932
"652","M","2001-04",2.672288174,-1.771381958,0.963556217,12.02011529,-6.248709875,0.403024374
"653","M","2001-05",9.087538067,2.281657271,1.585259883,-10.35804226,3.928207841,-1.096357294
"654","M","2001-06",-0.504218419,-6.96547724,-2.188998244,0.769512642,2.729911966,2.155057065
"655","M","2001-07",7.792306495,3.722033586,-2.818936725,-6.121212121,-1.103304113,-6.526593114
"656","M","2001-08",-4.880226269,2.896465706,3.905468961,4.880568108,-1.67151921,4.399145837
"657","M","2001-09",-3.25332791,-5.066784724,-3.002483061,-8.186630555,-0.071486419,-8.009812813
"658","M","2001-10",-0.2751843,-2.289735029,0.889467983,2.239206222,-2.048016604,6.604311579
"659","M","2001-11",1.067011072,5.653522902,1.401595581,2.085245902,0.875926064,-2.460955306
"660","M","2001-12",2.657328674,-5.488591576,-4.447682374,-2.980472765,8.651053321,2.458339945
"661","M","2002-01",-7.510441269,1.272075052,4.066931661,9.613347458,-15.15750468,-4.685600574
"662","M","2002-02",9.695496829,3.618649528,-2.111173076,15.12442619,12.48658685,-5.208350471
"663","M","2002-03",-2.036884781,-4.418096797,1.859963806,1.636935992,5.112333183,-1.496149909
"664","M","2002-04",-4.276176114,0.064715941,-3.868122966,-6.762337394,-3.622648853,0.064416353
"665","M","2002-05",-7.451659436,-3.656276757,-8.612674896,8.659063227,7.350549238,1.449044138
"666","M","2002-06",-0.482352421,3.192614487,20.03950527,-2.068684398,-1.282846319,-0.406595999
"667","M","2002-07",0.2385427,-0.84321978,-8.53495995,-0.749219563,1.725651098,0.207353432
"668","M","2002-08",-5.75193268,-5.201378185,4.43776967,1.195219124,4.847813875,10.89700822
"669","M","2002-09",13.95803404,4.895302439,-3.71610006,-0.580190634,-9.318678757,-6.595989153
"670","M","2002-10",-8.950922623,-2.315568151,0.891628113,-2.990829512,2.57227772,3.153569824
"671","M","2002-11",-2.78382586,-4.967276571,-2.478495557,-6.026426039,3.054035737,3.723124478
"672","M","2002-12",-3.50071826,6.393687947,-1.712048814,-0.388660265,-9.700256818,41.33551818
"673","M","2003-01",3.804624407,-5.902841675,5.642538888,-10.13311912,3.94462832,-41.52049517
"674","M","2003-02",0.718133049,-2.615943166,-0.839664449,6.384880603,26.73292303,18.36773233
"675","M","2003-03",2.989790145,-4.478024106,-2.88592939,-8.858480375,-5.845759753,16.878686
"676","M","2003-04",-5.773881702,5.289253117,-0.567149592,-3.266166206,3.038483806,-25.51022207
"677","M","2003-05",3.516376329,2.083694451,3.774861116,5.663716814,3.179667021,-3.015296625
"678","M","2003-06",4.572726954,1.41837389,-1.241202394,-1.894085814,6.894509968,12.04907691
"679","M","2003-07",1.501110843,1.583415111,1.864054711,8.970317836,2.989617547,5.212747669
"680","M","2003-08",6.530082397,-3.302678902,-0.601631398,-3.121610221,2.422052601,-4.257800746
"681","M","2003-09",0.237751929,-0.736535712,1.065765435,2.575267479,-14.0210486,4.224430728
"682","M","2003-10",-0.000622158,1.228396293,-6.554598932,-0.194057004,12.08282454,-2.072059321
"683","M","2003-11",-0.256853741,0.306572176,5.025184412,11.25288613,2.97183472,1.701409361
"684","M","2003-12",15.21628662,-5.684996629,-6.620713988,-5.734571273,-5.953857197,-1.047053993
"685","M","2004-01",-24.65460504,2.021180079,-0.217265959,4.461181924,1.016199153,-4.980078515
"686","M","2004-02",17.0263124,2.153560333,6.04269122,0.721020521,-2.952287967,3.845626331
"687","M","2004-03",1.952960479,-1.536223093,-3.339538469,2.477973568,-6.698715836,4.363735576
"688","M","2004-04",1.742454298,3.330244959,4.630798621,8.103170339,8.109799392,-0.825726017
"689","M","2004-05",-7.078385973,0.90251747,-2.648239972,-6.789939358,-9.75476653,-3.055200607
"690","M","2004-06",-3.060312841,-4.541034333,1.097175917,6.431313993,-1.270186442,-1.698421022
"691","M","2004-07",-6.992127349,0.140889184,0.032452492,-2.044293015,-2.664336355,3.047880161
"692","M","2004-08",10.03334972,3.465371955,-3.520546168,3.539641944,-2.585048023,-8.063085988
"693","M","2004-09",-0.240842185,-5.304609131,2.707638697,7.341171821,5.71081637,8.264252984
"694","M","2004-10",5.527822484,3.657356438,9.848492635,3.737113402,6.048165376,-2.658926095
"695","M","2004-11",-2.190630119,-2.432585837,-4.775775553,3.744454303,-0.614321085,-1.272338444
"696","M","2004-12",8.543069084,-0.671352113,9.898264506,1.659254191,1.160016507,7.325921231
"697","M","2005-01",-7.561630441,0.617248493,-15.73986136,0.664647484,9.325453804,-6.119457736
"698","M","2005-02",-7.357927652,-5.488892369,4.208072728,-3.284580025,-6.9007707,-0.811596437
"699","M","2005-03",-1.958802575,1.132759616,2.18306496,0.285171103,0.712277068,-1.379110342
"700","M","2005-04",5.656989366,17.79091026,1.977857496,11.21068505,3.781092761,6.323512011
"701","M","2005-05",2.073646979,-14.50755285,-2.825951754,-9.507205951,-3.877351587,-30.51224701
"702","M","2005-06",8.235725585,-0.543787483,5.657232389,5.985101464,-0.071523303,65.28513837
"703","M","2005-07",-8.445890498,3.416406488,-1.252241543,1.680400711,-0.505601745,-7.299755473
"704","M","2005-08",5.430339141,-1.740839737,-1.130989038,3.599237248,-3.151582771,-3.399809415
"705","M","2005-09",-1.951763687,9.159178563,-2.2876127,-3.144412915,1.341699955,-0.870158634
"706","M","2005-10",-4.081379934,-5.457836344,9.32072798,1.298598464,-1.304794062,1.213320608
"707","M","2005-11",9.164260657,-2.609928814,-10.73566522,-1.899476276,4.771383457,-3.579896222
"708","M","2005-12",-10.29290057,6.202451155,6.962212545,2.342629482,-8.455605347,-1.520979131
"709","M","2006-01",16.70675749,0.224843824,-2.396883349,-1.775147929,14.14839793,7.897461273
"710","M","2006-02",2.754157832,-3.641127672,-4.211774382,0.459733672,-1.522195141,-2.861542222
"711","M","2006-03",-1.886875864,6.093298066,6.708725842,0.504970806,-4.781606259,0.020505811
"712","M","2006-04",0.221528765,-3.672235158,-2.030410621,4.906578741,-5.392471389,-4.523279017
"713","M","2006-05",1.96451624,3.820056796,2.995950365,5.28324478,6.229902758,4.087165292
"714","M","2006-06",-13.14466681,0.25393294,-5.27803371,-2.381121615,7.453170567,-1.510754927
"715","M","2006-07",7.837277057,-6.750587002,2.598177705,-7.739915538,-13.09791405,-3.848583591
"716","M","2006-08",-4.822816332,-4.966113246,-0.630875376,1.223265725,-0.037800644,6.514191346
"717","M","2006-09",2.143457505,7.939503635,7.572895168,-0.615936379,6.058540434,-1.007018369
"718","M","2006-10",0.769122148,-2.322602646,-1.854347874,0.90217306,-7.746380747,-0.640675416
"719","M","2006-11",-1.465685988,4.398970051,7.875716405,-0.272119422,0.972815928,5.623917269
"720","M","2006-12",-3.355548895,7.192984405,10.11205424,-2.011382241,5.070414598,-8.90643873
"721","M","2007-01",3.676060488,-12.10160701,-30.51501622,1.813986793,-1.949920604,11.32188498
"722","M","2007-02",-0.560136942,8.71343646,-6.04875575,1.984840197,0.852227225,1.447835751
"723","M","2007-03",4.652832648,-0.928205756,22.46107534,-0.329476668,-1.214752904,-1.185222219
"724","M","2007-04",-8.083932747,-3.634515784,-10.48890525,-2.629151292,-3.899032189,-2.971608225
"725","M","2007-05",5.997901596,4.052104235,2.450691959,-2.542239065,-5.12825533,5.414863771
"726","M","2007-06",7.183793122,8.461621995,2.108293115,4.520414776,1.148408563,1.249046344
"727","M","2007-07",1.264845416,-4.016397784,0.85425147,5.611533096,1.679979145,-5.619141654
"728","M","2007-08",-9.163576187,3.420259056,3.096538826,0.044033465,5.307983054,5.424328403
"729","M","2007-09",9.7594276,-2.71115178,2.191699994,4.269366197,-9.050494878,-6.33693088
"730","M","2007-10",-2.376631976,-0.47727539,-2.56795647,0.576896018,2.46007489,2.234695611
"731","M","2007-11",-3.13956431,5.717591369,2.214601158,8.589815333,-55.74569696,1.069352775
"732","M","2007-12",3.328402599,-6.825760745,1.018666431,0.090182943,-10.48470347,1.441499175
"733","M","2008-01",-3.100859503,6.649722133,-3.928342545,-4.234779251,255.795629,-6.717822633
"734","M","2008-02",5.211198024,1.190327613,0.534629102,-2.325268817,-14.72460312,-0.11357354
"735","M","2008-03",0.35284863,-15.94629138,-2.974861411,-7.823035641,-2.181364228,-10.6939805
"736","M","2008-04",3.950936003,19.05890854,5.650843847,6.344704038,1.006385929,9.518914151
"737","M","2008-05",-3.905414116,-5.155441063,-9.935711212,-6.562785148,-7.070783949,-4.421055866
"738","M","2008-06",0.214218899,-1.444604544,5.075076281,-0.300480769,-5.488289409,-5.051797756
"739","M","2008-07",-5.507001407,2.624112875,-1.59442428,-4.196805304,2.336618706,3.817003853
"740","M","2008-08",2.367188436,-2.246687105,1.659118875,-2.516712544,-7.789488945,-5.772967797
"741","M","2008-09",-4.518026124,-0.446293786,-3.18485061,-5.300524405,-6.553125119,4.738946075
"742","M","2008-10",-1.67324173,0.178150305,-2.143306093,-7.190322031,-0.79144377,-6.321572302
"743","M","2008-11",-4.972457705,-7.909696371,-0.42440092,-13.45694878,-11.55572773,-7.006897735
"744","M","2008-12",-7.655250655,4.761076383,-1.500290433,-12.39923632,-4.802103862,9.25182909
"745","M","2009-01",7.049374934,-6.990270196,-1.669941372,2.651652742,3.336427431,-17.75593374
"746","M","2009-02",2.069402062,0.140111844,42.2593134,5.130927105,-5.223832119,12.29622221
"747","M","2009-03",-6.843406257,-3.172437532,-1.245401793,-2.468304723,19.82506331,8.768271721
"748","M","2009-04",1.966647881,6.805678955,3.34904576,4.141263085,-32.19645688,4.018005505
"749","M","2009-05",-0.83156625,-2.205649265,4.442027494,-5.213741301,-6.328178606,-1.870718945
"750","M","2009-06",-0.16631048,-2.398323177,-2.823616518,6.223050926,14.97757132,9.671761611
"751","M","2009-07",5.959396643,6.771602433,-5.470304739,0.680197477,1.183408498,2.94483247
"752","M","2009-08",0.790320029,0.2426926,0.807274208,2.865860303,-3.597349788,-4.696234299
"753","M","2009-09",-0.99672339,3.180039252,-8.82475528,-0.286016949,9.918060595,0.70005006
"754","M","2009-10",1.583522442,-1.433891666,4.038874658,6.501646659,0.823606836,5.535515794
"755","M","2009-11",6.292528829,-0.132568278,-10.61125829,-0.688279302,4.4456218,-0.582466114
"756","M","2009-12",1.566599117,-1.115764931,-17.711549,4.781036561,-9.577099069,-0.84599917
"757","M","2010-01",-0.758916769,3.963622806,1.443070881,15.03067485,31.58485591,-2.183852992
"758","M","2010-02",-2.898359302,-4.312311085,-0.230585843,-11.675,-10.49515355,0.199305051
"759","M","2010-03",8.126067959,7.4022266,-0.429561777,19.16218511,-7.632066666,3.57407114
"760","M","2010-04",0.594974693,-4.019778265,0.927599983,-7.569279493,18.21553605,-24.95223408
"761","M","2010-05",3.519157622,2.702229564,-0.468106035,9.585403461,-2.480146538,0.449608688
"762","M","2010-06",-2.47149106,6.583243988,0.281704924,-4.095989995,21.09493924,2.485230937
"763","M","2010-07",-0.187374336,-1.953956654,1.474609843,1.556769093,-26.86088905,-0.220895008
"764","M","2010-08",2.994219861,-0.925694219,-2.431861919,0.922953451,18.48487246,-3.594240247
"765","M","2010-09",-13.83494884,0.400716644,6.860480516,9.86083499,3.464586802,3.28897187
"766","M","2010-10",14.28839245,2.544296171,4.880411531,0.043431053,1.702213366,-4.450152656
"767","M","2010-11",-0.494177009,-1.164997089,-2.608826641,2.966500253,-0.324368298,3.780602769
"768","M","2010-12",2.033589083,3.154486102,-1.92378467,-2.339962055,3.045061695,1.346597084
"769","M","2011-01",-0.511457772,0.8930127,9.802404342,5.202187365,3.274518423,1.413177049
"770","M","2011-02",0.812905733,5.311109676,-1.539411176,-5.163805485,-2.803920882,-0.602433031
"771","M","2011-03",-5.830953307,-4.785112976,-4.485439723,3.432857349,4.331006006,-6.4621006
"772","M","2011-04",-0.499623971,0.714854914,-2.145109258,-1.492121043,-0.615254054,4.159924453
"773","M","2011-05",15.74291461,6.902109332,10.24911319,1.2599094,-0.111656325,-0.590596616
"774","M","2011-06",-19.89070648,-17.77041244,-15.2569459,-2.187893192,-5.703511392,0.533775077
"775","M","2011-07",4.329958161,13.70963599,15.53646551,2.051025513,-1.362103905,-3.912611529
"776","M","2011-08",5.722074949,2.655197651,-2.421369578,-3.641456583,9.223316491,0.819117344
"777","M","2011-09",-0.072429402,13.61294418,1.141569328,-2.143895349,-4.761073411,-1.013779686
"778","M","2011-10",0.557876745,-7.441470835,-2.434435914,1.633865577,3.663458775,-4.20301767
"779","M","2011-11",0.968880125,2.859675089,-0.855385763,7.314578005,0.857544744,-0.462995869
"780","M","2011-12",77.17893732,-5.128792666,6.840430735,3.002859867,2.359080719,-1.767908902
"781","M","2012-01",-53.76467036,6.731037726,-5.532657276,-12.29589476,-3.688196228,-5.499218838
"782","M","2012-02",-1.124536405,-7.931006068,-2.215337163,27.84352152,4.854311833,-5.643111905
"783","M","2012-03",18.05655714,6.958309349,7.092120058,-27.56912918,78.75755203,-9.235450272
"784","M","2012-04",-8.774791847,-6.115490356,-5.302599911,4.314204314,-80.61729615,13.46339461
"785","M","2012-05",-9.543763687,-0.045304248,-0.929461792,8.021849395,52.34428353,-0.603738888
"786","M","2012-06",16.96816723,25.20448886,-1.657967872,-10.01950444,22.10568246,-5.712452625
"787","M","2012-07",1.293246564,-30.43510343,-2.446599091,41.56229929,1.032485417,-3.224947239
"788","M","2012-08",-12.15304769,11.12850254,2.232882994,-21.30096977,12.41631845,3.153377012
"789","M","2012-09",7.122524617,-3.767718691,2.460054079,9.48331772,8.086055014,-0.882218524
"790","M","2012-10",1.050558921,1.327385992,-5.855503831,-1.020206674,-6.933899669,-0.305883726
"791","M","2012-11",-0.351446171,2.740976684,2.395748414,2.839473334,9.117692105,-3.932406268
"792","M","2012-12",-5.460335884,-1.324477578,-3.002755428,-17.9243453,11.08473549,-0.083670738
"793","M","2013-01",6.138427565,-3.137575117,-4.902890952,12.58961632,-24.7416815,-5.865259112
"794","M","2013-02",-0.104129763,3.473565159,3.928991853,-2.372122315,14.92640225,0.098229724
"795","M","2013-03",3.715774842,-1.135718722,3.284382914,4.873853211,4.986473832,3.608190183
"796","M","2013-04",-4.976844128,-0.32705341,-0.117895589,-1.127665391,-5.127096885,0.353645383
"797","M","2013-05",-1.609648487,-2.595916869,-4.721313084,-2.315614848,-1.833735502,4.087129735
"798","M","2013-06",1.459399759,0.700356714,7.446607395,9.298046986,0.934367135,1.095999998
"799","M","2013-07",-2.980107792,-2.856320651,-4.604831342,-1.443739479,8.641817038,-4.138812585
"800","M","2013-08",-2.301616165,4.711078419,2.802283317,-1.307232477,-6.432653066,3.120389191
"801","M","2013-09",4.362591571,2.39103995,-0.496145696,3.541001065,2.543204725,-2.111931213
"802","M","2013-10",-2.079277202,-1.618998495,1.447732863,1.459244022,3.595154707,-0.699802447
"803","M","2013-11",-1.117883758,-2.218780985,1.144718262,3.136285877,-4.28118287,0.416574127
"804","M","2013-12",4.890605025,0.633149242,-2.758101801,-5.000614326,-4.621815454,1.477530707
"805","M","2014-01",-0.352379052,-4.902516769,-0.115790851,3.388515261,12.13563287,-2.774460342
"806","M","2014-02",2.836290276,4.87846877,0.986388791,3.93420065,-5.211961031,3.497453603
"807","M","2014-03",-0.941371034,-6.905334627,0.33692602,-1.841487633,-4.875625021,0.961445333
"808","M","2014-04",1.905608191,6.423197614,-0.38534556,-1.655324628,3.252274567,-1.878242708
"809","M","2014-05",-3.741247045,-2.288261086,4.546734632,-5.367495792,1.173887892,-0.274229912
"810","M","2014-06",-5.99669923,-4.055944581,-7.560227917,-1.963109354,-2.368727013,3.908787651
"811","M","2014-07",4.754396964,8.305764172,6.480095223,-0.073914796,0.465060914,0.812576665
"812","M","2014-08",-2.949486282,-3.595191196,0.330821961,6.02514962,-0.552960637,0.408515639
"813","M","2014-09",2.198707612,-2.112324182,-2.009176766,-5.803259973,2.444633314,-4.091663189
"814","M","2014-10",-3.694451035,7.123231751,3.912223583,7.291947212,1.54229861,8.173315453
"815","M","2014-11",-0.376659708,-4.758839814,-1.142813731,1.192343897,-4.196637948,-0.715057138
"816","M","2014-12",7.474298278,7.448457169,-2.270488094,1.984496124,7.690311327,-5.223852648
"817","M","2015-01",0.302465964,-12.51544299,3.2082692,2.268166616,-14.19976497,9.250546835
"818","M","2015-02",-1.757702512,14.00428494,1.16885379,-8.811987157,9.520014279,0.640667241
"819","M","2015-03",3.309786597,6.749779878,-0.226705662,10.36776213,8.516273504,1.03108611
"820","M","2015-04",-1.957664045,-4.845770087,-0.000735196,2.132813423,-3.708096561,9.949594393
"821","M","2015-05",-1.838940793,2.226047137,-3.945803045,-10.20419969,-7.553055114,-9.219882738
"822","M","2015-06",3.417377826,0.05810609,3.970181195,9.99162533,-3.216979127,2.403564815
"823","M","2015-07",-1.153960138,2.072208326,3.855603688,2.582874546,14.97824698,4.141461555
"824","M","2015-08",2.557384519,4.479161987,0.207635489,6.491578647,2.079020228,-3.250508243
"825","M","2015-09",-4.944938666,-8.037003377,-3.341405883,-3.072056616,-5.619851729,1.32504566
"826","M","2015-10",4.534995481,-1.986828137,4.520978576,-4.153990818,8.454650482,3.820820961
"827","M","2015-11",6.230518914,1.482851635,-1.860703338,4.426361958,4.595937382,6.313170375
"828","M","2015-12",10.06548883,-3.181027032,-0.131252302,3.045040066,-2.334571909,-5.766016285
"829","M","2016-01",-16.84760281,1.439783323,2.28074938,-7.540491258,-4.38866552,9.053219187
"830","M","2016-02",5.251403489,-3.569148299,1.205994949,8.40487239,6.108754765,0.085768339
"831","M","2016-03",-0.873675979,-0.569254402,-4.822946366,-10.15570657,1.403532794,-4.36086246
"832","M","2016-04",6.249305998,9.28474742,5.847822956,17.90244774,-1.489181745,11.71402006
"833","M","2016-05",1.749928944,-9.555428462,-3.576206994,-6.985906956,-6.160468021,-2.950682081
"834","M","2016-06",0.650507531,2.599923934,5.186813631,4.273922016,2.218864059,-6.417617817
"835","M","2016-07",-6.90385179,1.51737506,-1.703150155,-6.218426124,-2.651933381,2.123282628
"836","M","2016-08",7.732582711,-2.449370651,-2.370018909,-0.422058089,1.86455934,-0.543925581
"837","M","2016-09",-2.100761804,13.66727702,5.30615454,4.72366293,7.595654079,4.652996398
"838","M","2016-10",3.458223072,-11.91953146,-5.820330885,3.89817872,-0.470036561,1.167685046
"839","M","2016-11",-1.636143172,2.904577065,-2.490483298,-10.11788826,-5.368311099,-1.70285085
"840","M","2016-12",12.98813817,10.87983302,8.917608439,21.3332573,6.79597307,5.970187364
"841","M","2017-01",-13.29974421,-16.12165494,0.974432898,-8.163744889,-2.967502914,-1.703165597
"842","M","2017-02",4.10601054,8.950961073,-2.564783243,-1.663254862,-0.168142919,3.46192866
"843","M","2017-03",-4.321547526,-0.02617867,-0.095277572,-0.202966432,-8.644525062,2.790745402
"844","M","2017-04",2.746019716,-3.473013843,-0.613963354,1.277638715,3.641971829,-6.717064483
"845","M","2017-05",-1.301528432,2.397652054,4.533759073,3.166675248,0.873884039,3.262970468
"846","M","2017-06",0.347879317,-1.197887609,-6.154920836,-8.085446197,0.790597521,1.720852007
"847","M","2017-07",-1.15613928,-4.435286578,2.808960732,3.828192876,2.717843641,-4.544340172
"848","M","2017-08",-8.060638666,7.424564604,0.055470382,-23.4558862,-0.111261777,8.483620653
"849","M","2017-09",12.34736679,4.70964891,1.583903342,8.390270566,2.255527694,-0.051816004
"850","M","2017-10",-1.045711061,-5.393676039,-5.408524058,19.34568835,-4.271809743,-4.692435778
"851","M","2017-11",0.218642182,0.286913074,6.324254726,-1.82221518,6.372649176,0.749059199
"852","M","2017-12",-1.401612926,-0.758273094,1.404564535,1.038304282,1.875092286,-1.059840449
"853","M","2018-01",3.473941626,0.548777514,5.767009551,1.820989298,-0.590635936,-2.424626013
"854","M","2018-02",-3.926067362,-1.822712041,-2.279369981,-3.655284213,-4.290904293,1.535951725
"855","M","2018-03",3.776338316,-2.101970459,-1.825828948,-1.318931828,5.962165694,1.688283643
"856","M","2018-04",-2.3932742,0.612663979,-6.646526006,7.628843298,-4.350711655,-0.723006913
"857","M","2018-05",6.226543514,1.289842318,-0.426077641,-1.97260834,6.23742339,-3.162026191
"858","M","2018-06",0.171393241,0.850740595,7.701886423,-1.027004483,-1.265534655,0.670197944
"859","M","2018-07",1.142653542,-4.604229797,2.578729921,-4.946010008,-2.934569463,1.640389978
"860","M","2018-08",26.49456991,0.297200094,15.7754333,10.70043223,17.81135192,16.28770135
"861","M","2018-09",-47.89148313,-4.625911082,-41.47414624,-31.17084647,-37.77361527,-30.11748367
"862","M","2018-10",14.70965844,-0.09254603,17.51486009,27.33818182,14.5661911,12.23556799
"863","M","2018-11",6.403942225,0.82873897,7.139218865,-0.862413616,6.086188952,5.160151746
"864","M","2018-12",-5.336539301,-3.063214991,4.481959898,0.334139878,-12.42234959,7.792372392
